time,ciudad,tmedia,tmax,tmin,dtr,latitude,longitude
2000-01-01,Arica,21.911,25.710,19.423,6.287,-18.500,-70.250
2000-01-01,Antofagasta,18.229,19.007,17.420,1.587,-23.750,-70.500
2000-01-01,La Serena,19.408,24.029,15.782,8.247,-30.000,-71.250
2000-01-01,Santiago,22.197,30.223,15.828,14.395,-33.500,-70.750
2000-01-01,Concepción,17.159,23.098,11.634,11.464,-36.750,-73.000
2000-01-01,Temuco,15.768,22.159,9.822,12.337,-38.750,-72.500
2000-01-01,Valdivia,15.241,18.985,11.556,7.429,-39.750,-73.250
2000-01-01,Puerto Montt,14.409,17.646,11.240,6.406,-41.500,-73.000
2000-01-01,Punta Arenas,8.147,10.756,5.918,4.838,-53.250,-71.000
2000-02-01,Arica,21.756,25.612,18.820,6.791,-18.500,-70.250
2000-02-01,Antofagasta,18.553,19.416,17.745,1.670,-23.750,-70.500
2000-02-01,La Serena,19.271,23.818,15.965,7.853,-30.000,-71.250
2000-02-01,Santiago,20.712,27.923,15.271,12.652,-33.500,-70.750
2000-02-01,Concepción,16.700,21.866,12.389,9.477,-36.750,-73.000
2000-02-01,Temuco,15.451,21.063,10.801,10.261,-38.750,-72.500
2000-02-01,Valdivia,14.965,18.381,11.871,6.510,-39.750,-73.250
2000-02-01,Puerto Montt,14.200,17.442,11.287,6.155,-41.500,-73.000
2000-02-01,Punta Arenas,8.535,11.289,5.991,5.298,-53.250,-71.000
2000-03-01,Arica,21.356,25.707,18.426,7.281,-18.500,-70.250
2000-03-01,Antofagasta,17.363,18.223,16.559,1.664,-23.750,-70.500
2000-03-01,La Serena,17.763,22.100,14.801,7.298,-30.000,-71.250
2000-03-01,Santiago,19.543,27.183,13.803,13.380,-33.500,-70.750
2000-03-01,Concepción,14.640,20.838,9.918,10.920,-36.750,-73.000
2000-03-01,Temuco,12.448,18.655,7.413,11.242,-38.750,-72.500
2000-03-01,Valdivia,12.983,16.733,9.945,6.788,-39.750,-73.250
2000-03-01,Puerto Montt,11.993,15.160,9.332,5.828,-41.500,-73.000
2000-03-01,Punta Arenas,7.650,10.197,5.365,4.832,-53.250,-71.000
2000-04-01,Arica,20.383,24.472,17.878,6.595,-18.500,-70.250
2000-04-01,Antofagasta,16.138,16.937,15.421,1.516,-23.750,-70.500
2000-04-01,La Serena,15.551,19.170,13.188,5.981,-30.000,-71.250
2000-04-01,Santiago,16.256,22.617,10.633,11.984,-33.500,-70.750
2000-04-01,Concepción,12.387,17.262,8.885,8.377,-36.750,-73.000
2000-04-01,Temuco,11.254,16.566,7.027,9.540,-38.750,-72.500
2000-04-01,Valdivia,11.400,14.624,8.727,5.897,-39.750,-73.250
2000-04-01,Puerto Montt,11.376,14.082,9.173,4.909,-41.500,-73.000
2000-04-01,Punta Arenas,6.535,8.653,4.685,3.968,-53.250,-71.000
2000-05-01,Arica,17.132,21.094,14.513,6.581,-18.500,-70.250
2000-05-01,Antofagasta,15.179,16.147,14.328,1.819,-23.750,-70.500
2000-05-01,La Serena,13.778,17.475,11.059,6.416,-30.000,-71.250
2000-05-01,Santiago,11.669,18.139,5.807,12.332,-33.500,-70.750
2000-05-01,Concepción,10.899,14.666,8.061,6.605,-36.750,-73.000
2000-05-01,Temuco,9.915,14.108,6.654,7.454,-38.750,-72.500
2000-05-01,Valdivia,10.284,12.787,8.021,4.766,-39.750,-73.250
2000-05-01,Puerto Montt,9.993,12.547,7.789,4.758,-41.500,-73.000
2000-05-01,Punta Arenas,4.312,6.295,2.380,3.915,-53.250,-71.000
2000-06-01,Arica,15.582,18.639,13.064,5.575,-18.500,-70.250
2000-06-01,Antofagasta,14.045,15.232,13.013,2.218,-23.750,-70.500
2000-06-01,La Serena,12.484,15.729,9.834,5.894,-30.000,-71.250
2000-06-01,Santiago,9.155,14.196,4.661,9.535,-33.500,-70.750
2000-06-01,Concepción,10.432,12.720,8.268,4.453,-36.750,-73.000
2000-06-01,Temuco,8.941,11.882,6.421,5.461,-38.750,-72.500
2000-06-01,Valdivia,9.186,11.160,7.421,3.738,-39.750,-73.250
2000-06-01,Puerto Montt,8.447,10.324,6.713,3.611,-41.500,-73.000
2000-06-01,Punta Arenas,1.244,2.953,-0.409,3.362,-53.250,-71.000
2000-07-01,Arica,14.807,18.118,12.152,5.966,-18.500,-70.250
2000-07-01,Antofagasta,13.584,14.882,12.397,2.485,-23.750,-70.500
2000-07-01,La Serena,11.811,16.970,7.954,9.016,-30.000,-71.250
2000-07-01,Santiago,9.352,15.947,3.576,12.372,-33.500,-70.750
2000-07-01,Concepción,7.925,11.836,4.903,6.933,-36.750,-73.000
2000-07-01,Temuco,6.248,10.143,3.110,7.033,-38.750,-72.500
2000-07-01,Valdivia,7.335,9.797,5.127,4.670,-39.750,-73.250
2000-07-01,Puerto Montt,6.754,8.883,4.715,4.168,-41.500,-73.000
2000-07-01,Punta Arenas,0.587,2.361,-1.388,3.749,-53.250,-71.000
2000-08-01,Arica,15.283,18.352,13.293,5.059,-18.500,-70.250
2000-08-01,Antofagasta,13.674,14.786,12.621,2.165,-23.750,-70.500
2000-08-01,La Serena,12.751,17.635,8.991,8.644,-30.000,-71.250
2000-08-01,Santiago,10.796,16.859,4.948,11.911,-33.500,-70.750
2000-08-01,Concepción,9.707,12.861,7.109,5.751,-36.750,-73.000
2000-08-01,Temuco,8.462,12.472,5.171,7.300,-38.750,-72.500
2000-08-01,Valdivia,8.748,11.451,6.383,5.067,-39.750,-73.250
2000-08-01,Puerto Montt,8.062,10.944,5.825,5.119,-41.500,-73.000
2000-08-01,Punta Arenas,1.949,3.507,-0.035,3.542,-53.250,-71.000
2000-09-01,Arica,15.910,19.431,13.556,5.875,-18.500,-70.250
2000-09-01,Antofagasta,13.755,14.684,12.766,1.918,-23.750,-70.500
2000-09-01,La Serena,13.279,17.252,10.425,6.827,-30.000,-71.250
2000-09-01,Santiago,11.638,17.720,5.845,11.875,-33.500,-70.750
2000-09-01,Concepción,10.036,13.953,6.859,7.093,-36.750,-73.000
2000-09-01,Temuco,8.425,13.037,4.763,8.275,-38.750,-72.500
2000-09-01,Valdivia,8.357,11.392,5.845,5.546,-39.750,-73.250
2000-09-01,Puerto Montt,8.021,10.992,5.551,5.441,-41.500,-73.000
2000-09-01,Punta Arenas,1.203,3.754,-1.047,4.802,-53.250,-71.000
2000-10-01,Arica,17.254,21.073,15.056,6.017,-18.500,-70.250
2000-10-01,Antofagasta,14.031,15.062,13.046,2.016,-23.750,-70.500
2000-10-01,La Serena,14.928,19.492,11.838,7.654,-30.000,-71.250
2000-10-01,Santiago,15.165,21.341,8.841,12.500,-33.500,-70.750
2000-10-01,Concepción,12.535,17.244,8.639,8.604,-36.750,-73.000
2000-10-01,Temuco,11.714,17.152,7.028,10.124,-38.750,-72.500
2000-10-01,Valdivia,11.389,14.836,8.368,6.467,-39.750,-73.250
2000-10-01,Puerto Montt,10.545,13.613,7.871,5.742,-41.500,-73.000
2000-10-01,Punta Arenas,5.115,7.594,2.791,4.803,-53.250,-71.000
2000-11-01,Arica,17.957,22.102,15.100,7.002,-18.500,-70.250
2000-11-01,Antofagasta,14.900,15.831,13.978,1.854,-23.750,-70.500
2000-11-01,La Serena,16.871,21.568,13.580,7.988,-30.000,-71.250
2000-11-01,Santiago,17.643,23.643,11.769,11.874,-33.500,-70.750
2000-11-01,Concepción,14.388,19.885,9.272,10.612,-36.750,-73.000
2000-11-01,Temuco,12.091,17.478,6.976,10.502,-38.750,-72.500
2000-11-01,Valdivia,11.867,15.057,8.678,6.379,-39.750,-73.250
2000-11-01,Puerto Montt,11.041,14.290,7.971,6.319,-41.500,-73.000
2000-11-01,Punta Arenas,6.586,9.131,4.190,4.941,-53.250,-71.000
2000-12-01,Arica,20.539,24.665,17.927,6.737,-18.500,-70.250
2000-12-01,Antofagasta,17.151,18.002,16.173,1.829,-23.750,-70.500
2000-12-01,La Serena,18.390,22.493,15.380,7.113,-30.000,-71.250
2000-12-01,Santiago,21.163,27.798,15.210,12.589,-33.500,-70.750
2000-12-01,Concepción,16.936,22.940,11.086,11.855,-36.750,-73.000
2000-12-01,Temuco,14.360,20.248,8.675,11.573,-38.750,-72.500
2000-12-01,Valdivia,13.720,17.002,10.428,6.574,-39.750,-73.250
2000-12-01,Puerto Montt,13.102,16.132,10.357,5.775,-41.500,-73.000
2000-12-01,Punta Arenas,7.246,9.727,4.996,4.730,-53.250,-71.000
2001-01-01,Arica,22.100,26.206,19.389,6.817,-18.500,-70.250
2001-01-01,Antofagasta,18.697,19.493,17.837,1.656,-23.750,-70.500
2001-01-01,La Serena,19.188,23.481,16.024,7.457,-30.000,-71.250
2001-01-01,Santiago,20.987,27.770,15.426,12.344,-33.500,-70.750
2001-01-01,Concepción,17.010,22.627,12.096,10.531,-36.750,-73.000
2001-01-01,Temuco,15.653,21.637,10.309,11.328,-38.750,-72.500
2001-01-01,Valdivia,14.550,17.732,11.491,6.240,-39.750,-73.250
2001-01-01,Puerto Montt,14.215,17.654,11.036,6.618,-41.500,-73.000
2001-01-01,Punta Arenas,8.551,10.944,6.556,4.389,-53.250,-71.000
2001-02-01,Arica,23.104,26.887,20.708,6.179,-18.500,-70.250
2001-02-01,Antofagasta,19.488,20.297,18.704,1.593,-23.750,-70.500
2001-02-01,La Serena,19.824,24.325,16.937,7.388,-30.000,-71.250
2001-02-01,Santiago,21.658,28.511,16.443,12.068,-33.500,-70.750
2001-02-01,Concepción,17.991,24.839,12.305,12.535,-36.750,-73.000
2001-02-01,Temuco,15.819,22.971,9.682,13.288,-38.750,-72.500
2001-02-01,Valdivia,14.957,18.904,11.398,7.506,-39.750,-73.250
2001-02-01,Puerto Montt,14.581,17.813,11.740,6.073,-41.500,-73.000
2001-02-01,Punta Arenas,8.222,10.977,5.966,5.010,-53.250,-71.000
2001-03-01,Arica,22.255,26.262,19.782,6.480,-18.500,-70.250
2001-03-01,Antofagasta,18.603,19.320,17.890,1.430,-23.750,-70.500
2001-03-01,La Serena,18.584,22.643,15.848,6.795,-30.000,-71.250
2001-03-01,Santiago,19.459,26.196,13.647,12.549,-33.500,-70.750
2001-03-01,Concepción,15.304,21.091,10.606,10.484,-36.750,-73.000
2001-03-01,Temuco,13.595,20.542,8.056,12.486,-38.750,-72.500
2001-03-01,Valdivia,13.435,17.432,10.098,7.335,-39.750,-73.250
2001-03-01,Puerto Montt,12.691,15.841,10.141,5.700,-41.500,-73.000
2001-03-01,Punta Arenas,6.655,9.273,4.534,4.739,-53.250,-71.000
2001-04-01,Arica,20.084,24.322,17.550,6.772,-18.500,-70.250
2001-04-01,Antofagasta,16.801,17.608,16.093,1.515,-23.750,-70.500
2001-04-01,La Serena,16.227,20.271,13.734,6.537,-30.000,-71.250
2001-04-01,Santiago,15.098,21.021,9.346,11.675,-33.500,-70.750
2001-04-01,Concepción,12.163,17.225,8.172,9.052,-36.750,-73.000
2001-04-01,Temuco,10.660,16.793,5.857,10.936,-38.750,-72.500
2001-04-01,Valdivia,10.528,14.376,7.544,6.832,-39.750,-73.250
2001-04-01,Puerto Montt,10.090,13.207,7.573,5.634,-41.500,-73.000
2001-04-01,Punta Arenas,6.003,8.142,4.087,4.055,-53.250,-71.000
2001-05-01,Arica,17.598,21.199,15.152,6.047,-18.500,-70.250
2001-05-01,Antofagasta,15.643,16.614,14.773,1.840,-23.750,-70.500
2001-05-01,La Serena,13.918,17.733,11.086,6.647,-30.000,-71.250
2001-05-01,Santiago,11.301,17.197,5.833,11.364,-33.500,-70.750
2001-05-01,Concepción,10.998,13.811,8.529,5.282,-36.750,-73.000
2001-05-01,Temuco,10.255,13.801,7.489,6.313,-38.750,-72.500
2001-05-01,Valdivia,9.949,12.349,7.806,4.543,-39.750,-73.250
2001-05-01,Puerto Montt,9.500,12.096,7.214,4.882,-41.500,-73.000
2001-05-01,Punta Arenas,3.509,5.283,1.750,3.533,-53.250,-71.000
2001-06-01,Arica,15.763,19.057,13.469,5.588,-18.500,-70.250
2001-06-01,Antofagasta,14.382,15.437,13.329,2.108,-23.750,-70.500
2001-06-01,La Serena,12.496,17.026,8.997,8.029,-30.000,-71.250
2001-06-01,Santiago,9.283,16.153,3.395,12.758,-33.500,-70.750
2001-06-01,Concepción,9.509,12.999,6.729,6.270,-36.750,-73.000
2001-06-01,Temuco,7.938,11.318,5.206,6.112,-38.750,-72.500
2001-06-01,Valdivia,8.660,10.952,6.758,4.194,-39.750,-73.250
2001-06-01,Puerto Montt,8.417,10.531,6.645,3.886,-41.500,-73.000
2001-06-01,Punta Arenas,1.756,3.138,0.018,3.120,-53.250,-71.000
2001-07-01,Arica,15.122,18.631,12.334,6.297,-18.500,-70.250
2001-07-01,Antofagasta,14.015,15.060,13.032,2.028,-23.750,-70.500
2001-07-01,La Serena,12.460,16.708,9.179,7.529,-30.000,-71.250
2001-07-01,Santiago,9.838,15.202,5.377,9.826,-33.500,-70.750
2001-07-01,Concepción,9.439,12.110,6.924,5.186,-36.750,-73.000
2001-07-01,Temuco,7.653,11.169,4.649,6.520,-38.750,-72.500
2001-07-01,Valdivia,8.142,10.347,6.125,4.222,-39.750,-73.250
2001-07-01,Puerto Montt,7.192,9.416,5.311,4.106,-41.500,-73.000
2001-07-01,Punta Arenas,-0.613,1.239,-2.870,4.109,-53.250,-71.000
2001-08-01,Arica,15.654,19.089,13.223,5.867,-18.500,-70.250
2001-08-01,Antofagasta,13.901,15.139,12.903,2.236,-23.750,-70.500
2001-08-01,La Serena,12.602,16.643,9.527,7.117,-30.000,-71.250
2001-08-01,Santiago,10.794,16.952,5.297,11.655,-33.500,-70.750
2001-08-01,Concepción,9.690,13.569,6.559,7.010,-36.750,-73.000
2001-08-01,Temuco,8.246,13.124,4.503,8.621,-38.750,-72.500
2001-08-01,Valdivia,8.754,11.532,6.351,5.180,-39.750,-73.250
2001-08-01,Puerto Montt,8.512,11.258,6.189,5.070,-41.500,-73.000
2001-08-01,Punta Arenas,0.760,3.207,-1.727,4.934,-53.250,-71.000
2001-09-01,Arica,15.607,19.039,13.519,5.520,-18.500,-70.250
2001-09-01,Antofagasta,13.712,14.790,12.628,2.162,-23.750,-70.500
2001-09-01,La Serena,12.488,16.060,9.981,6.079,-30.000,-71.250
2001-09-01,Santiago,11.687,17.330,6.418,10.912,-33.500,-70.750
2001-09-01,Concepción,10.076,14.429,6.357,8.072,-36.750,-73.000
2001-09-01,Temuco,9.409,14.886,4.881,10.004,-38.750,-72.500
2001-09-01,Valdivia,9.615,13.248,6.436,6.812,-39.750,-73.250
2001-09-01,Puerto Montt,9.362,12.853,6.483,6.370,-41.500,-73.000
2001-09-01,Punta Arenas,3.861,6.519,1.514,5.005,-53.250,-71.000
2001-10-01,Arica,17.084,20.887,14.760,6.126,-18.500,-70.250
2001-10-01,Antofagasta,14.587,15.621,13.486,2.136,-23.750,-70.500
2001-10-01,La Serena,15.119,19.480,12.232,7.248,-30.000,-71.250
2001-10-01,Santiago,16.217,22.094,10.517,11.578,-33.500,-70.750
2001-10-01,Concepción,12.566,17.283,8.785,8.498,-36.750,-73.000
2001-10-01,Temuco,11.814,17.679,7.008,10.671,-38.750,-72.500
2001-10-01,Valdivia,11.565,15.343,8.513,6.830,-39.750,-73.250
2001-10-01,Puerto Montt,10.850,13.831,8.293,5.538,-41.500,-73.000
2001-10-01,Punta Arenas,5.837,8.472,3.389,5.083,-53.250,-71.000
2001-11-01,Arica,18.611,22.694,16.058,6.636,-18.500,-70.250
2001-11-01,Antofagasta,15.304,16.309,14.347,1.962,-23.750,-70.500
2001-11-01,La Serena,16.254,20.946,12.772,8.174,-30.000,-71.250
2001-11-01,Santiago,17.398,23.833,11.878,11.955,-33.500,-70.750
2001-11-01,Concepción,14.063,19.198,9.372,9.826,-36.750,-73.000
2001-11-01,Temuco,11.943,17.350,6.924,10.427,-38.750,-72.500
2001-11-01,Valdivia,11.938,15.072,8.740,6.332,-39.750,-73.250
2001-11-01,Puerto Montt,11.126,14.428,7.749,6.679,-41.500,-73.000
2001-11-01,Punta Arenas,6.059,8.561,3.717,4.844,-53.250,-71.000
2001-12-01,Arica,20.572,25.051,17.828,7.223,-18.500,-70.250
2001-12-01,Antofagasta,16.854,17.689,15.971,1.718,-23.750,-70.500
2001-12-01,La Serena,18.282,22.304,15.642,6.662,-30.000,-71.250
2001-12-01,Santiago,21.404,28.019,16.172,11.847,-33.500,-70.750
2001-12-01,Concepción,18.474,25.465,12.184,13.281,-36.750,-73.000
2001-12-01,Temuco,16.474,23.879,9.680,14.199,-38.750,-72.500
2001-12-01,Valdivia,15.539,19.861,11.316,8.544,-39.750,-73.250
2001-12-01,Puerto Montt,14.204,17.670,10.864,6.806,-41.500,-73.000
2001-12-01,Punta Arenas,8.222,10.982,5.730,5.252,-53.250,-71.000
2002-01-01,Arica,21.655,25.914,18.393,7.521,-18.500,-70.250
2002-01-01,Antofagasta,18.272,19.173,17.290,1.883,-23.750,-70.500
2002-01-01,La Serena,19.357,23.597,16.310,7.287,-30.000,-71.250
2002-01-01,Santiago,21.773,28.579,16.316,12.263,-33.500,-70.750
2002-01-01,Concepción,17.935,24.442,12.555,11.887,-36.750,-73.000
2002-01-01,Temuco,16.924,24.485,10.262,14.223,-38.750,-72.500
2002-01-01,Valdivia,15.612,20.099,11.531,8.568,-39.750,-73.250
2002-01-01,Puerto Montt,14.795,18.301,11.786,6.515,-41.500,-73.000
2002-01-01,Punta Arenas,8.462,11.002,6.103,4.900,-53.250,-71.000
2002-02-01,Arica,22.687,26.968,20.057,6.910,-18.500,-70.250
2002-02-01,Antofagasta,18.734,19.595,17.912,1.684,-23.750,-70.500
2002-02-01,La Serena,19.158,23.516,16.237,7.279,-30.000,-71.250
2002-02-01,Santiago,21.279,28.126,16.143,11.983,-33.500,-70.750
2002-02-01,Concepción,17.192,23.655,12.031,11.624,-36.750,-73.000
2002-02-01,Temuco,17.048,25.272,10.417,14.855,-38.750,-72.500
2002-02-01,Valdivia,15.546,20.576,11.541,9.035,-39.750,-73.250
2002-02-01,Puerto Montt,14.591,18.649,11.336,7.313,-41.500,-73.000
2002-02-01,Punta Arenas,8.988,11.956,6.380,5.575,-53.250,-71.000
2002-03-01,Arica,22.416,26.799,19.812,6.987,-18.500,-70.250
2002-03-01,Antofagasta,18.485,19.318,17.771,1.547,-23.750,-70.500
2002-03-01,La Serena,19.352,23.645,16.255,7.391,-30.000,-71.250
2002-03-01,Santiago,19.738,26.077,14.505,11.572,-33.500,-70.750
2002-03-01,Concepción,14.771,19.754,10.973,8.780,-36.750,-73.000
2002-03-01,Temuco,13.355,19.241,8.879,10.363,-38.750,-72.500
2002-03-01,Valdivia,13.254,16.608,10.518,6.090,-39.750,-73.250
2002-03-01,Puerto Montt,12.643,15.770,10.005,5.765,-41.500,-73.000
2002-03-01,Punta Arenas,6.165,8.691,4.011,4.679,-53.250,-71.000
2002-04-01,Arica,19.931,23.831,17.605,6.227,-18.500,-70.250
2002-04-01,Antofagasta,16.236,17.093,15.478,1.615,-23.750,-70.500
2002-04-01,La Serena,16.422,20.513,13.611,6.902,-30.000,-71.250
2002-04-01,Santiago,14.991,21.031,9.346,11.685,-33.500,-70.750
2002-04-01,Concepción,11.948,16.276,8.416,7.860,-36.750,-73.000
2002-04-01,Temuco,10.610,15.699,6.388,9.311,-38.750,-72.500
2002-04-01,Valdivia,11.469,14.541,8.875,5.667,-39.750,-73.250
2002-04-01,Puerto Montt,10.975,13.714,8.810,4.904,-41.500,-73.000
2002-04-01,Punta Arenas,5.888,8.122,3.844,4.277,-53.250,-71.000
2002-05-01,Arica,18.271,22.357,15.676,6.681,-18.500,-70.250
2002-05-01,Antofagasta,15.946,17.151,15.111,2.040,-23.750,-70.500
2002-05-01,La Serena,14.452,17.562,12.264,5.298,-30.000,-71.250
2002-05-01,Santiago,12.195,18.138,6.836,11.302,-33.500,-70.750
2002-05-01,Concepción,10.576,14.038,7.817,6.220,-36.750,-73.000
2002-05-01,Temuco,9.568,13.380,6.761,6.619,-38.750,-72.500
2002-05-01,Valdivia,10.491,12.695,8.829,3.867,-39.750,-73.250
2002-05-01,Puerto Montt,10.095,12.088,8.358,3.730,-41.500,-73.000
2002-05-01,Punta Arenas,1.294,3.201,-0.719,3.920,-53.250,-71.000
2002-06-01,Arica,16.209,19.641,13.739,5.902,-18.500,-70.250
2002-06-01,Antofagasta,14.469,15.505,13.462,2.043,-23.750,-70.500
2002-06-01,La Serena,11.852,15.473,8.899,6.574,-30.000,-71.250
2002-06-01,Santiago,8.521,14.698,3.518,11.180,-33.500,-70.750
2002-06-01,Concepción,7.762,11.518,4.662,6.856,-36.750,-73.000
2002-06-01,Temuco,6.115,10.090,3.250,6.840,-38.750,-72.500
2002-06-01,Valdivia,7.196,9.792,5.136,4.656,-39.750,-73.250
2002-06-01,Puerto Montt,6.735,9.121,4.611,4.510,-41.500,-73.000
2002-06-01,Punta Arenas,-0.433,1.547,-2.761,4.308,-53.250,-71.000
2002-07-01,Arica,15.600,18.667,13.280,5.387,-18.500,-70.250
2002-07-01,Antofagasta,13.810,15.513,12.516,2.996,-23.750,-70.500
2002-07-01,La Serena,11.654,16.160,8.205,7.954,-30.000,-71.250
2002-07-01,Santiago,8.776,15.624,3.221,12.403,-33.500,-70.750
2002-07-01,Concepción,8.395,12.094,5.490,6.604,-36.750,-73.000
2002-07-01,Temuco,7.095,10.876,4.244,6.632,-38.750,-72.500
2002-07-01,Valdivia,7.907,10.304,5.967,4.337,-39.750,-73.250
2002-07-01,Puerto Montt,8.033,10.213,6.200,4.013,-41.500,-73.000
2002-07-01,Punta Arenas,1.499,3.191,-0.241,3.432,-53.250,-71.000
2002-08-01,Arica,15.646,18.958,13.219,5.738,-18.500,-70.250
2002-08-01,Antofagasta,13.828,15.151,12.803,2.348,-23.750,-70.500
2002-08-01,La Serena,12.747,17.184,9.314,7.870,-30.000,-71.250
2002-08-01,Santiago,10.620,16.260,5.704,10.555,-33.500,-70.750
2002-08-01,Concepción,10.043,13.113,7.483,5.630,-36.750,-73.000
2002-08-01,Temuco,9.118,12.620,6.259,6.361,-38.750,-72.500
2002-08-01,Valdivia,9.103,11.218,7.250,3.968,-39.750,-73.250
2002-08-01,Puerto Montt,8.654,11.026,6.747,4.279,-41.500,-73.000
2002-08-01,Punta Arenas,1.917,3.532,0.263,3.269,-53.250,-71.000
2002-09-01,Arica,16.452,19.968,14.300,5.668,-18.500,-70.250
2002-09-01,Antofagasta,14.001,15.096,12.951,2.145,-23.750,-70.500
2002-09-01,La Serena,14.029,18.520,11.003,7.517,-30.000,-71.250
2002-09-01,Santiago,12.723,18.498,6.993,11.506,-33.500,-70.750
2002-09-01,Concepción,10.360,14.012,7.273,6.739,-36.750,-73.000
2002-09-01,Temuco,9.407,13.804,5.859,7.945,-38.750,-72.500
2002-09-01,Valdivia,9.408,11.715,7.250,4.465,-39.750,-73.250
2002-09-01,Puerto Montt,9.092,11.785,6.851,4.934,-41.500,-73.000
2002-09-01,Punta Arenas,4.207,6.529,2.321,4.208,-53.250,-71.000
2002-10-01,Arica,17.751,21.661,15.418,6.243,-18.500,-70.250
2002-10-01,Antofagasta,14.359,15.441,13.340,2.101,-23.750,-70.500
2002-10-01,La Serena,15.395,20.035,12.056,7.979,-30.000,-71.250
2002-10-01,Santiago,14.912,20.620,9.241,11.378,-33.500,-70.750
2002-10-01,Concepción,11.944,15.677,8.713,6.964,-36.750,-73.000
2002-10-01,Temuco,10.566,14.886,6.947,7.939,-38.750,-72.500
2002-10-01,Valdivia,10.656,13.082,8.462,4.620,-39.750,-73.250
2002-10-01,Puerto Montt,10.321,13.053,8.119,4.935,-41.500,-73.000
2002-10-01,Punta Arenas,4.371,7.014,1.879,5.135,-53.250,-71.000
2002-11-01,Arica,18.780,22.952,16.211,6.741,-18.500,-70.250
2002-11-01,Antofagasta,14.894,15.864,13.965,1.899,-23.750,-70.500
2002-11-01,La Serena,16.286,20.811,12.987,7.825,-30.000,-71.250
2002-11-01,Santiago,16.858,23.039,10.914,12.125,-33.500,-70.750
2002-11-01,Concepción,13.797,18.607,9.612,8.995,-36.750,-73.000
2002-11-01,Temuco,12.221,16.978,8.178,8.800,-38.750,-72.500
2002-11-01,Valdivia,12.127,14.968,9.466,5.503,-39.750,-73.250
2002-11-01,Puerto Montt,11.605,14.528,9.163,5.365,-41.500,-73.000
2002-11-01,Punta Arenas,6.438,8.939,4.147,4.792,-53.250,-71.000
2002-12-01,Arica,20.629,25.106,17.842,7.264,-18.500,-70.250
2002-12-01,Antofagasta,16.832,17.880,15.762,2.118,-23.750,-70.500
2002-12-01,La Serena,17.935,22.317,14.559,7.758,-30.000,-71.250
2002-12-01,Santiago,20.027,26.519,14.637,11.882,-33.500,-70.750
2002-12-01,Concepción,15.749,20.946,11.265,9.681,-36.750,-73.000
2002-12-01,Temuco,14.191,20.215,9.049,11.166,-38.750,-72.500
2002-12-01,Valdivia,13.965,17.428,10.811,6.617,-39.750,-73.250
2002-12-01,Puerto Montt,13.391,16.876,10.264,6.612,-41.500,-73.000
2002-12-01,Punta Arenas,8.989,11.874,6.482,5.392,-53.250,-71.000
2003-01-01,Arica,21.755,26.015,19.031,6.984,-18.500,-70.250
2003-01-01,Antofagasta,18.096,19.038,17.126,1.912,-23.750,-70.500
2003-01-01,La Serena,19.101,23.442,15.865,7.577,-30.000,-71.250
2003-01-01,Santiago,22.073,28.739,16.455,12.284,-33.500,-70.750
2003-01-01,Concepción,18.200,24.064,12.855,11.209,-36.750,-73.000
2003-01-01,Temuco,15.934,22.044,10.574,11.470,-38.750,-72.500
2003-01-01,Valdivia,15.328,18.666,12.162,6.503,-39.750,-73.250
2003-01-01,Puerto Montt,14.716,17.693,12.085,5.608,-41.500,-73.000
2003-01-01,Punta Arenas,8.656,11.336,6.461,4.875,-53.250,-71.000
2003-02-01,Arica,23.164,27.600,20.311,7.289,-18.500,-70.250
2003-02-01,Antofagasta,18.948,19.784,17.991,1.794,-23.750,-70.500
2003-02-01,La Serena,18.538,22.765,15.522,7.243,-30.000,-71.250
2003-02-01,Santiago,20.299,27.350,14.574,12.776,-33.500,-70.750
2003-02-01,Concepción,16.710,23.195,11.245,11.950,-36.750,-73.000
2003-02-01,Temuco,15.367,22.759,9.241,13.517,-38.750,-72.500
2003-02-01,Valdivia,14.687,18.902,10.965,7.937,-39.750,-73.250
2003-02-01,Puerto Montt,13.635,16.967,10.846,6.121,-41.500,-73.000
2003-02-01,Punta Arenas,9.018,11.764,6.742,5.022,-53.250,-71.000
2003-03-01,Arica,21.541,25.896,18.733,7.163,-18.500,-70.250
2003-03-01,Antofagasta,17.380,18.213,16.591,1.621,-23.750,-70.500
2003-03-01,La Serena,17.391,21.435,14.816,6.619,-30.000,-71.250
2003-03-01,Santiago,19.379,25.737,14.378,11.359,-33.500,-70.750
2003-03-01,Concepción,16.063,22.412,11.521,10.891,-36.750,-73.000
2003-03-01,Temuco,15.495,23.211,9.708,13.503,-38.750,-72.500
2003-03-01,Valdivia,14.594,19.401,10.899,8.502,-39.750,-73.250
2003-03-01,Puerto Montt,13.617,17.275,10.565,6.710,-41.500,-73.000
2003-03-01,Punta Arenas,7.940,10.445,5.678,4.767,-53.250,-71.000
2003-04-01,Arica,19.354,23.900,16.663,7.237,-18.500,-70.250
2003-04-01,Antofagasta,16.142,16.968,15.319,1.649,-23.750,-70.500
2003-04-01,La Serena,15.706,19.501,13.064,6.436,-30.000,-71.250
2003-04-01,Santiago,15.881,22.294,9.992,12.302,-33.500,-70.750
2003-04-01,Concepción,12.534,18.255,8.154,10.102,-36.750,-73.000
2003-04-01,Temuco,11.096,17.626,6.226,11.400,-38.750,-72.500
2003-04-01,Valdivia,11.646,15.738,8.258,7.479,-39.750,-73.250
2003-04-01,Puerto Montt,11.145,14.696,7.911,6.785,-41.500,-73.000
2003-04-01,Punta Arenas,6.457,8.734,4.510,4.224,-53.250,-71.000
2003-05-01,Arica,17.766,21.322,15.446,5.876,-18.500,-70.250
2003-05-01,Antofagasta,15.204,16.154,14.358,1.796,-23.750,-70.500
2003-05-01,La Serena,13.987,17.408,11.521,5.888,-30.000,-71.250
2003-05-01,Santiago,12.231,18.884,6.553,12.331,-33.500,-70.750
2003-05-01,Concepción,10.135,14.683,6.809,7.874,-36.750,-73.000
2003-05-01,Temuco,8.573,13.243,5.251,7.993,-38.750,-72.500
2003-05-01,Valdivia,10.019,12.856,7.680,5.176,-39.750,-73.250
2003-05-01,Puerto Montt,10.032,12.693,7.763,4.930,-41.500,-73.000
2003-05-01,Punta Arenas,5.303,6.926,3.683,3.243,-53.250,-71.000
2003-06-01,Arica,15.769,19.408,13.143,6.265,-18.500,-70.250
2003-06-01,Antofagasta,14.382,15.230,13.601,1.629,-23.750,-70.500
2003-06-01,La Serena,13.530,16.455,11.282,5.173,-30.000,-71.250
2003-06-01,Santiago,11.408,16.747,6.493,10.254,-33.500,-70.750
2003-06-01,Concepción,11.106,13.533,8.890,4.643,-36.750,-73.000
2003-06-01,Temuco,9.853,12.873,6.867,6.006,-38.750,-72.500
2003-06-01,Valdivia,10.066,12.087,7.994,4.092,-39.750,-73.250
2003-06-01,Puerto Montt,9.424,11.579,7.432,4.147,-41.500,-73.000
2003-06-01,Punta Arenas,0.556,2.356,-1.383,3.739,-53.250,-71.000
2003-07-01,Arica,15.536,18.882,12.993,5.889,-18.500,-70.250
2003-07-01,Antofagasta,14.261,15.579,13.288,2.292,-23.750,-70.500
2003-07-01,La Serena,11.681,15.786,8.429,7.357,-30.000,-71.250
2003-07-01,Santiago,8.497,15.551,2.445,13.107,-33.500,-70.750
2003-07-01,Concepción,8.157,12.091,4.994,7.097,-36.750,-73.000
2003-07-01,Temuco,6.400,10.694,3.051,7.643,-38.750,-72.500
2003-07-01,Valdivia,7.785,10.390,5.601,4.789,-39.750,-73.250
2003-07-01,Puerto Montt,7.359,9.711,5.304,4.407,-41.500,-73.000
2003-07-01,Punta Arenas,3.588,5.300,1.617,3.684,-53.250,-71.000
2003-08-01,Arica,15.892,19.521,13.277,6.243,-18.500,-70.250
2003-08-01,Antofagasta,13.920,14.940,12.850,2.090,-23.750,-70.500
2003-08-01,La Serena,12.480,17.049,9.123,7.926,-30.000,-71.250
2003-08-01,Santiago,10.348,17.595,4.198,13.397,-33.500,-70.750
2003-08-01,Concepción,9.409,13.602,6.074,7.528,-36.750,-73.000
2003-08-01,Temuco,8.011,13.129,3.935,9.195,-38.750,-72.500
2003-08-01,Valdivia,8.555,11.697,5.832,5.865,-39.750,-73.250
2003-08-01,Puerto Montt,8.343,11.403,5.717,5.686,-41.500,-73.000
2003-08-01,Punta Arenas,3.435,6.021,1.334,4.687,-53.250,-71.000
2003-09-01,Arica,16.125,19.908,13.604,6.304,-18.500,-70.250
2003-09-01,Antofagasta,13.650,14.665,12.612,2.052,-23.750,-70.500
2003-09-01,La Serena,13.702,18.490,10.670,7.820,-30.000,-71.250
2003-09-01,Santiago,12.854,18.923,7.115,11.808,-33.500,-70.750
2003-09-01,Concepción,10.572,14.557,7.132,7.425,-36.750,-73.000
2003-09-01,Temuco,9.308,13.880,5.547,8.332,-38.750,-72.500
2003-09-01,Valdivia,9.694,12.425,7.426,4.999,-39.750,-73.250
2003-09-01,Puerto Montt,9.312,12.241,6.996,5.245,-41.500,-73.000
2003-09-01,Punta Arenas,4.115,7.235,1.582,5.653,-53.250,-71.000
2003-10-01,Arica,17.751,21.641,15.534,6.106,-18.500,-70.250
2003-10-01,Antofagasta,14.284,15.213,13.342,1.870,-23.750,-70.500
2003-10-01,La Serena,15.524,20.034,12.382,7.652,-30.000,-71.250
2003-10-01,Santiago,16.678,23.183,10.571,12.612,-33.500,-70.750
2003-10-01,Concepción,12.493,17.653,8.319,9.334,-36.750,-73.000
2003-10-01,Temuco,10.644,16.109,6.138,9.971,-38.750,-72.500
2003-10-01,Valdivia,11.002,14.000,8.283,5.717,-39.750,-73.250
2003-10-01,Puerto Montt,10.817,14.055,8.111,5.944,-41.500,-73.000
2003-10-01,Punta Arenas,4.670,7.354,2.315,5.040,-53.250,-71.000
2003-11-01,Arica,19.569,23.993,16.857,7.136,-18.500,-70.250
2003-11-01,Antofagasta,16.057,16.910,15.147,1.763,-23.750,-70.500
2003-11-01,La Serena,17.125,21.587,14.090,7.497,-30.000,-71.250
2003-11-01,Santiago,18.585,24.774,12.928,11.846,-33.500,-70.750
2003-11-01,Concepción,14.745,19.580,10.715,8.865,-36.750,-73.000
2003-11-01,Temuco,13.433,18.499,9.183,9.315,-38.750,-72.500
2003-11-01,Valdivia,12.856,15.883,10.229,5.654,-39.750,-73.250
2003-11-01,Puerto Montt,12.245,15.351,9.821,5.530,-41.500,-73.000
2003-11-01,Punta Arenas,6.001,8.580,3.630,4.949,-53.250,-71.000
2003-12-01,Arica,20.752,25.254,17.919,7.335,-18.500,-70.250
2003-12-01,Antofagasta,16.476,17.339,15.488,1.851,-23.750,-70.500
2003-12-01,La Serena,17.804,22.499,14.121,8.377,-30.000,-71.250
2003-12-01,Santiago,19.370,25.680,13.493,12.187,-33.500,-70.750
2003-12-01,Concepción,15.653,21.159,10.448,10.711,-36.750,-73.000
2003-12-01,Temuco,12.928,18.160,8.245,9.915,-38.750,-72.500
2003-12-01,Valdivia,12.942,15.957,9.900,6.057,-39.750,-73.250
2003-12-01,Puerto Montt,12.194,15.239,9.505,5.733,-41.500,-73.000
2003-12-01,Punta Arenas,8.134,10.686,5.813,4.873,-53.250,-71.000
2004-01-01,Arica,22.142,26.257,19.366,6.891,-18.500,-70.250
2004-01-01,Antofagasta,18.260,19.116,17.343,1.773,-23.750,-70.500
2004-01-01,La Serena,18.640,23.084,15.788,7.296,-30.000,-71.250
2004-01-01,Santiago,21.130,27.929,15.726,12.204,-33.500,-70.750
2004-01-01,Concepción,18.200,24.617,12.865,11.752,-36.750,-73.000
2004-01-01,Temuco,17.086,24.510,10.857,13.653,-38.750,-72.500
2004-01-01,Valdivia,15.837,20.094,12.192,7.901,-39.750,-73.250
2004-01-01,Puerto Montt,14.906,18.467,11.874,6.593,-41.500,-73.000
2004-01-01,Punta Arenas,9.760,12.234,7.520,4.714,-53.250,-71.000
2004-02-01,Arica,22.221,26.839,19.387,7.452,-18.500,-70.250
2004-02-01,Antofagasta,18.299,19.225,17.390,1.835,-23.750,-70.500
2004-02-01,La Serena,18.476,22.809,15.538,7.271,-30.000,-71.250
2004-02-01,Santiago,20.797,27.906,15.436,12.470,-33.500,-70.750
2004-02-01,Concepción,17.087,23.248,12.246,11.002,-36.750,-73.000
2004-02-01,Temuco,17.617,25.796,11.365,14.431,-38.750,-72.500
2004-02-01,Valdivia,15.958,21.036,12.106,8.930,-39.750,-73.250
2004-02-01,Puerto Montt,15.222,19.516,11.865,7.651,-41.500,-73.000
2004-02-01,Punta Arenas,10.925,13.676,8.560,5.116,-53.250,-71.000
2004-03-01,Arica,21.680,26.195,19.016,7.179,-18.500,-70.250
2004-03-01,Antofagasta,17.739,18.648,16.937,1.711,-23.750,-70.500
2004-03-01,La Serena,18.203,22.481,15.517,6.964,-30.000,-71.250
2004-03-01,Santiago,19.731,26.164,14.712,11.452,-33.500,-70.750
2004-03-01,Concepción,16.209,21.977,11.838,10.139,-36.750,-73.000
2004-03-01,Temuco,14.794,21.401,9.788,11.614,-38.750,-72.500
2004-03-01,Valdivia,14.564,18.418,11.404,7.014,-39.750,-73.250
2004-03-01,Puerto Montt,14.482,18.168,11.580,6.588,-41.500,-73.000
2004-03-01,Punta Arenas,8.433,11.119,6.154,4.965,-53.250,-71.000
2004-04-01,Arica,19.799,23.743,17.263,6.480,-18.500,-70.250
2004-04-01,Antofagasta,17.171,18.035,16.301,1.734,-23.750,-70.500
2004-04-01,La Serena,16.251,20.181,13.407,6.774,-30.000,-71.250
2004-04-01,Santiago,15.421,20.963,9.955,11.007,-33.500,-70.750
2004-04-01,Concepción,13.467,17.345,10.389,6.956,-36.750,-73.000
2004-04-01,Temuco,12.055,16.262,8.855,7.407,-38.750,-72.500
2004-04-01,Valdivia,12.293,15.000,9.913,5.087,-39.750,-73.250
2004-04-01,Puerto Montt,11.694,14.181,9.551,4.630,-41.500,-73.000
2004-04-01,Punta Arenas,6.089,8.390,4.046,4.344,-53.250,-71.000
2004-05-01,Arica,17.118,20.820,14.293,6.527,-18.500,-70.250
2004-05-01,Antofagasta,15.186,16.094,14.280,1.814,-23.750,-70.500
2004-05-01,La Serena,13.186,17.243,10.460,6.784,-30.000,-71.250
2004-05-01,Santiago,11.328,17.825,4.954,12.870,-33.500,-70.750
2004-05-01,Concepción,10.523,15.052,7.070,7.982,-36.750,-73.000
2004-05-01,Temuco,8.704,14.738,4.426,10.312,-38.750,-72.500
2004-05-01,Valdivia,9.542,13.751,6.248,7.503,-39.750,-73.250
2004-05-01,Puerto Montt,9.612,12.868,7.018,5.850,-41.500,-73.000
2004-05-01,Punta Arenas,4.341,6.500,2.377,4.123,-53.250,-71.000
2004-06-01,Arica,15.526,18.708,13.238,5.471,-18.500,-70.250
2004-06-01,Antofagasta,14.053,15.058,13.129,1.929,-23.750,-70.500
2004-06-01,La Serena,12.626,17.040,9.481,7.559,-30.000,-71.250
2004-06-01,Santiago,9.504,16.093,4.014,12.079,-33.500,-70.750
2004-06-01,Concepción,10.162,13.022,7.665,5.357,-36.750,-73.000
2004-06-01,Temuco,8.527,11.959,5.698,6.261,-38.750,-72.500
2004-06-01,Valdivia,9.647,11.765,7.733,4.032,-39.750,-73.250
2004-06-01,Puerto Montt,9.173,11.299,7.304,3.995,-41.500,-73.000
2004-06-01,Punta Arenas,3.674,5.326,2.054,3.272,-53.250,-71.000
2004-07-01,Arica,15.428,18.524,13.258,5.265,-18.500,-70.250
2004-07-01,Antofagasta,13.913,15.150,12.970,2.180,-23.750,-70.500
2004-07-01,La Serena,12.046,16.557,8.720,7.837,-30.000,-71.250
2004-07-01,Santiago,9.385,15.558,4.066,11.493,-33.500,-70.750
2004-07-01,Concepción,9.545,12.485,7.071,5.414,-36.750,-73.000
2004-07-01,Temuco,7.989,11.482,5.201,6.282,-38.750,-72.500
2004-07-01,Valdivia,8.431,11.008,6.308,4.700,-39.750,-73.250
2004-07-01,Puerto Montt,7.916,10.360,5.738,4.622,-41.500,-73.000
2004-07-01,Punta Arenas,0.172,2.239,-2.057,4.296,-53.250,-71.000
2004-08-01,Arica,15.697,18.679,13.722,4.957,-18.500,-70.250
2004-08-01,Antofagasta,13.507,14.724,12.508,2.216,-23.750,-70.500
2004-08-01,La Serena,12.624,16.756,9.506,7.250,-30.000,-71.250
2004-08-01,Santiago,10.494,17.081,4.688,12.393,-33.500,-70.750
2004-08-01,Concepción,9.862,13.791,6.735,7.056,-36.750,-73.000
2004-08-01,Temuco,8.582,13.754,4.791,8.963,-38.750,-72.500
2004-08-01,Valdivia,8.690,12.172,5.992,6.180,-39.750,-73.250
2004-08-01,Puerto Montt,8.345,11.516,5.809,5.707,-41.500,-73.000
2004-08-01,Punta Arenas,2.332,4.272,0.306,3.966,-53.250,-71.000
2004-09-01,Arica,16.784,20.260,14.763,5.498,-18.500,-70.250
2004-09-01,Antofagasta,13.973,14.944,13.045,1.899,-23.750,-70.500
2004-09-01,La Serena,13.887,18.371,10.973,7.399,-30.000,-71.250
2004-09-01,Santiago,13.196,19.368,6.945,12.423,-33.500,-70.750
2004-09-01,Concepción,10.922,15.980,6.655,9.325,-36.750,-73.000
2004-09-01,Temuco,8.876,14.465,4.475,9.990,-38.750,-72.500
2004-09-01,Valdivia,9.425,12.899,6.326,6.572,-39.750,-73.250
2004-09-01,Puerto Montt,8.747,12.188,5.856,6.333,-41.500,-73.000
2004-09-01,Punta Arenas,3.645,6.148,1.404,4.744,-53.250,-71.000
2004-10-01,Arica,17.728,21.367,15.667,5.700,-18.500,-70.250
2004-10-01,Antofagasta,14.475,15.534,13.448,2.085,-23.750,-70.500
2004-10-01,La Serena,14.661,19.256,11.433,7.823,-30.000,-71.250
2004-10-01,Santiago,14.581,20.041,8.819,11.222,-33.500,-70.750
2004-10-01,Concepción,12.051,15.953,8.562,7.392,-36.750,-73.000
2004-10-01,Temuco,10.851,15.165,7.351,7.814,-38.750,-72.500
2004-10-01,Valdivia,11.076,13.431,8.944,4.487,-39.750,-73.250
2004-10-01,Puerto Montt,10.841,13.555,8.639,4.916,-41.500,-73.000
2004-10-01,Punta Arenas,5.395,8.352,2.595,5.757,-53.250,-71.000
2004-11-01,Arica,18.957,22.811,16.731,6.080,-18.500,-70.250
2004-11-01,Antofagasta,15.526,16.475,14.540,1.935,-23.750,-70.500
2004-11-01,La Serena,16.400,20.606,13.126,7.480,-30.000,-71.250
2004-11-01,Santiago,17.060,22.626,11.580,11.046,-33.500,-70.750
2004-11-01,Concepción,14.561,19.698,10.190,9.509,-36.750,-73.000
2004-11-01,Temuco,12.789,18.527,7.945,10.582,-38.750,-72.500
2004-11-01,Valdivia,12.774,16.359,9.546,6.813,-39.750,-73.250
2004-11-01,Puerto Montt,12.207,15.667,9.216,6.452,-41.500,-73.000
2004-11-01,Punta Arenas,7.920,10.939,5.075,5.865,-53.250,-71.000
2004-12-01,Arica,21.369,24.995,19.013,5.981,-18.500,-70.250
2004-12-01,Antofagasta,17.145,18.035,16.212,1.823,-23.750,-70.500
2004-12-01,La Serena,17.931,21.934,14.461,7.473,-30.000,-71.250
2004-12-01,Santiago,20.849,27.554,14.862,12.692,-33.500,-70.750
2004-12-01,Concepción,16.649,21.863,11.712,10.151,-36.750,-73.000
2004-12-01,Temuco,14.555,20.112,9.288,10.824,-38.750,-72.500
2004-12-01,Valdivia,14.510,17.725,11.314,6.411,-39.750,-73.250
2004-12-01,Puerto Montt,13.802,17.209,10.529,6.681,-41.500,-73.000
2004-12-01,Punta Arenas,8.679,11.497,5.952,5.545,-53.250,-71.000
2005-01-01,Arica,22.608,26.145,20.367,5.778,-18.500,-70.250
2005-01-01,Antofagasta,18.540,19.372,17.713,1.659,-23.750,-70.500
2005-01-01,La Serena,18.756,22.884,15.529,7.354,-30.000,-71.250
2005-01-01,Santiago,21.198,27.916,15.578,12.338,-33.500,-70.750
2005-01-01,Concepción,17.548,23.784,11.661,12.123,-36.750,-73.000
2005-01-01,Temuco,15.130,21.833,9.004,12.829,-38.750,-72.500
2005-01-01,Valdivia,14.823,18.856,11.007,7.849,-39.750,-73.250
2005-01-01,Puerto Montt,13.690,16.815,10.882,5.933,-41.500,-73.000
2005-01-01,Punta Arenas,8.697,11.454,6.276,5.178,-53.250,-71.000
2005-02-01,Arica,21.929,25.734,19.810,5.924,-18.500,-70.250
2005-02-01,Antofagasta,18.220,19.071,17.363,1.707,-23.750,-70.500
2005-02-01,La Serena,18.950,22.873,15.949,6.924,-30.000,-71.250
2005-02-01,Santiago,21.359,28.470,15.457,13.013,-33.500,-70.750
2005-02-01,Concepción,17.960,24.216,13.176,11.041,-36.750,-73.000
2005-02-01,Temuco,18.748,27.435,12.147,15.288,-38.750,-72.500
2005-02-01,Valdivia,17.393,22.808,13.056,9.752,-39.750,-73.250
2005-02-01,Puerto Montt,15.695,19.955,12.248,7.707,-41.500,-73.000
2005-02-01,Punta Arenas,10.513,13.599,7.679,5.920,-53.250,-71.000
2005-03-01,Arica,21.406,25.386,18.938,6.448,-18.500,-70.250
2005-03-01,Antofagasta,17.912,18.774,17.077,1.697,-23.750,-70.500
2005-03-01,La Serena,18.456,22.328,15.748,6.580,-30.000,-71.250
2005-03-01,Santiago,18.983,25.132,13.568,11.563,-33.500,-70.750
2005-03-01,Concepción,15.889,21.583,11.504,10.079,-36.750,-73.000
2005-03-01,Temuco,14.049,20.303,9.155,11.148,-38.750,-72.500
2005-03-01,Valdivia,13.613,17.120,10.561,6.559,-39.750,-73.250
2005-03-01,Puerto Montt,13.464,16.475,10.910,5.565,-41.500,-73.000
2005-03-01,Punta Arenas,7.544,10.036,5.434,4.602,-53.250,-71.000
2005-04-01,Arica,19.581,23.241,17.293,5.948,-18.500,-70.250
2005-04-01,Antofagasta,15.870,16.907,15.072,1.835,-23.750,-70.500
2005-04-01,La Serena,15.713,20.341,12.511,7.830,-30.000,-71.250
2005-04-01,Santiago,15.652,22.562,8.791,13.770,-33.500,-70.750
2005-04-01,Concepción,12.663,18.830,7.715,11.114,-36.750,-73.000
2005-04-01,Temuco,10.317,17.004,5.091,11.912,-38.750,-72.500
2005-04-01,Valdivia,10.982,14.864,7.673,7.190,-39.750,-73.250
2005-04-01,Puerto Montt,10.816,13.875,7.890,5.985,-41.500,-73.000
2005-04-01,Punta Arenas,5.794,8.231,3.876,4.355,-53.250,-71.000
2005-05-01,Arica,17.453,20.845,15.206,5.639,-18.500,-70.250
2005-05-01,Antofagasta,15.236,16.208,14.446,1.762,-23.750,-70.500
2005-05-01,La Serena,13.425,16.877,10.870,6.007,-30.000,-71.250
2005-05-01,Santiago,10.745,16.063,6.061,10.002,-33.500,-70.750
2005-05-01,Concepción,10.483,13.273,7.846,5.428,-36.750,-73.000
2005-05-01,Temuco,9.168,12.171,6.654,5.518,-38.750,-72.500
2005-05-01,Valdivia,9.854,11.619,8.283,3.336,-39.750,-73.250
2005-05-01,Puerto Montt,8.870,10.799,7.087,3.712,-41.500,-73.000
2005-05-01,Punta Arenas,2.303,4.589,0.066,4.523,-53.250,-71.000
2005-06-01,Arica,16.220,19.904,13.485,6.419,-18.500,-70.250
2005-06-01,Antofagasta,14.588,15.638,13.779,1.859,-23.750,-70.500
2005-06-01,La Serena,13.169,16.211,10.950,5.261,-30.000,-71.250
2005-06-01,Santiago,11.149,15.690,7.225,8.465,-33.500,-70.750
2005-06-01,Concepción,9.664,12.132,7.371,4.761,-36.750,-73.000
2005-06-01,Temuco,7.990,10.909,5.388,5.521,-38.750,-72.500
2005-06-01,Valdivia,8.211,10.119,6.323,3.796,-39.750,-73.250
2005-06-01,Puerto Montt,7.528,9.383,5.735,3.648,-41.500,-73.000
2005-06-01,Punta Arenas,-0.481,1.604,-2.543,4.147,-53.250,-71.000
2005-07-01,Arica,15.559,18.752,13.119,5.632,-18.500,-70.250
2005-07-01,Antofagasta,13.534,14.612,12.554,2.058,-23.750,-70.500
2005-07-01,La Serena,11.854,16.028,8.514,7.515,-30.000,-71.250
2005-07-01,Santiago,9.522,15.955,4.063,11.893,-33.500,-70.750
2005-07-01,Concepción,9.399,12.750,6.712,6.037,-36.750,-73.000
2005-07-01,Temuco,7.720,11.742,4.431,7.311,-38.750,-72.500
2005-07-01,Valdivia,8.365,10.848,6.294,4.554,-39.750,-73.250
2005-07-01,Puerto Montt,7.947,10.250,6.022,4.229,-41.500,-73.000
2005-07-01,Punta Arenas,1.657,3.647,-0.240,3.887,-53.250,-71.000
2005-08-01,Arica,15.769,19.273,13.317,5.956,-18.500,-70.250
2005-08-01,Antofagasta,13.087,14.117,12.235,1.883,-23.750,-70.500
2005-08-01,La Serena,12.893,16.565,10.261,6.304,-30.000,-71.250
2005-08-01,Santiago,11.648,16.587,7.279,9.309,-33.500,-70.750
2005-08-01,Concepción,9.653,12.867,6.652,6.215,-36.750,-73.000
2005-08-01,Temuco,8.175,12.155,4.683,7.473,-38.750,-72.500
2005-08-01,Valdivia,8.072,10.847,5.829,5.018,-39.750,-73.250
2005-08-01,Puerto Montt,7.030,9.767,4.931,4.836,-41.500,-73.000
2005-08-01,Punta Arenas,2.050,4.182,0.023,4.159,-53.250,-71.000
2005-09-01,Arica,15.782,19.199,13.622,5.578,-18.500,-70.250
2005-09-01,Antofagasta,13.551,14.739,12.494,2.245,-23.750,-70.500
2005-09-01,La Serena,12.993,16.969,9.989,6.980,-30.000,-71.250
2005-09-01,Santiago,11.700,17.661,5.608,12.053,-33.500,-70.750
2005-09-01,Concepción,10.364,14.614,6.585,8.029,-36.750,-73.000
2005-09-01,Temuco,9.197,14.507,4.771,9.735,-38.750,-72.500
2005-09-01,Valdivia,9.186,12.792,5.878,6.915,-39.750,-73.250
2005-09-01,Puerto Montt,8.715,12.288,5.752,6.536,-41.500,-73.000
2005-09-01,Punta Arenas,4.808,7.336,2.410,4.926,-53.250,-71.000
2005-10-01,Arica,16.388,20.083,14.191,5.892,-18.500,-70.250
2005-10-01,Antofagasta,13.339,14.370,12.374,1.996,-23.750,-70.500
2005-10-01,La Serena,14.140,18.475,11.001,7.474,-30.000,-71.250
2005-10-01,Santiago,14.277,20.301,8.618,11.683,-33.500,-70.750
2005-10-01,Concepción,12.162,17.239,7.836,9.403,-36.750,-73.000
2005-10-01,Temuco,10.228,15.573,5.864,9.709,-38.750,-72.500
2005-10-01,Valdivia,10.541,13.874,7.597,6.277,-39.750,-73.250
2005-10-01,Puerto Montt,10.044,13.234,7.275,5.958,-41.500,-73.000
2005-10-01,Punta Arenas,5.620,8.396,2.996,5.399,-53.250,-71.000
2005-11-01,Arica,18.237,22.213,15.765,6.449,-18.500,-70.250
2005-11-01,Antofagasta,14.662,15.585,13.813,1.772,-23.750,-70.500
2005-11-01,La Serena,16.116,20.397,13.167,7.230,-30.000,-71.250
2005-11-01,Santiago,18.228,24.601,12.450,12.151,-33.500,-70.750
2005-11-01,Concepción,14.746,19.641,10.306,9.335,-36.750,-73.000
2005-11-01,Temuco,13.286,18.658,8.531,10.127,-38.750,-72.500
2005-11-01,Valdivia,12.750,15.716,9.903,5.813,-39.750,-73.250
2005-11-01,Puerto Montt,12.197,15.642,9.065,6.577,-41.500,-73.000
2005-11-01,Punta Arenas,7.574,10.294,4.908,5.386,-53.250,-71.000
2005-12-01,Arica,20.528,24.390,18.142,6.247,-18.500,-70.250
2005-12-01,Antofagasta,16.792,17.626,15.961,1.665,-23.750,-70.500
2005-12-01,La Serena,17.278,21.227,14.215,7.012,-30.000,-71.250
2005-12-01,Santiago,19.508,25.848,14.070,11.778,-33.500,-70.750
2005-12-01,Concepción,16.447,21.841,11.509,10.332,-36.750,-73.000
2005-12-01,Temuco,14.367,20.516,8.498,12.018,-38.750,-72.500
2005-12-01,Valdivia,14.228,18.316,10.338,7.979,-39.750,-73.250
2005-12-01,Puerto Montt,13.201,16.646,9.874,6.773,-41.500,-73.000
2005-12-01,Punta Arenas,8.364,11.042,5.844,5.198,-53.250,-71.000
2006-01-01,Arica,22.281,26.073,20.040,6.033,-18.500,-70.250
2006-01-01,Antofagasta,18.600,19.402,17.763,1.639,-23.750,-70.500
2006-01-01,La Serena,19.231,23.490,16.212,7.277,-30.000,-71.250
2006-01-01,Santiago,21.768,28.242,16.429,11.813,-33.500,-70.750
2006-01-01,Concepción,17.949,23.889,12.600,11.289,-36.750,-73.000
2006-01-01,Temuco,15.886,22.769,9.655,13.114,-38.750,-72.500
2006-01-01,Valdivia,15.120,19.182,11.385,7.797,-39.750,-73.250
2006-01-01,Puerto Montt,14.185,17.758,10.976,6.782,-41.500,-73.000
2006-01-01,Punta Arenas,10.150,12.987,7.607,5.380,-53.250,-71.000
2006-02-01,Arica,22.860,26.614,20.498,6.115,-18.500,-70.250
2006-02-01,Antofagasta,18.960,19.738,18.240,1.499,-23.750,-70.500
2006-02-01,La Serena,19.626,23.807,16.724,7.083,-30.000,-71.250
2006-02-01,Santiago,21.219,28.076,16.042,12.034,-33.500,-70.750
2006-02-01,Concepción,17.578,23.302,12.933,10.369,-36.750,-73.000
2006-02-01,Temuco,17.635,25.002,11.514,13.488,-38.750,-72.500
2006-02-01,Valdivia,15.996,20.378,12.171,8.206,-39.750,-73.250
2006-02-01,Puerto Montt,14.981,18.614,11.898,6.716,-41.500,-73.000
2006-02-01,Punta Arenas,9.674,12.306,7.355,4.950,-53.250,-71.000
2006-03-01,Arica,21.964,25.757,19.807,5.949,-18.500,-70.250
2006-03-01,Antofagasta,17.565,18.365,16.838,1.527,-23.750,-70.500
2006-03-01,La Serena,17.297,21.674,14.299,7.375,-30.000,-71.250
2006-03-01,Santiago,18.513,25.609,12.588,13.021,-33.500,-70.750
2006-03-01,Concepción,15.049,20.921,10.201,10.720,-36.750,-73.000
2006-03-01,Temuco,12.960,19.410,7.894,11.517,-38.750,-72.500
2006-03-01,Valdivia,13.140,16.771,10.035,6.736,-39.750,-73.250
2006-03-01,Puerto Montt,12.586,15.643,9.795,5.848,-41.500,-73.000
2006-03-01,Punta Arenas,8.119,10.703,6.087,4.616,-53.250,-71.000
2006-04-01,Arica,19.453,23.660,16.843,6.816,-18.500,-70.250
2006-04-01,Antofagasta,15.657,16.444,15.000,1.444,-23.750,-70.500
2006-04-01,La Serena,15.055,18.869,12.691,6.177,-30.000,-71.250
2006-04-01,Santiago,15.965,23.011,9.568,13.442,-33.500,-70.750
2006-04-01,Concepción,12.635,18.060,8.170,9.890,-36.750,-73.000
2006-04-01,Temuco,11.298,17.067,6.632,10.435,-38.750,-72.500
2006-04-01,Valdivia,11.441,14.965,8.343,6.621,-39.750,-73.250
2006-04-01,Puerto Montt,11.123,14.520,8.367,6.153,-41.500,-73.000
2006-04-01,Punta Arenas,5.868,8.497,3.466,5.031,-53.250,-71.000
2006-05-01,Arica,17.984,21.857,15.201,6.656,-18.500,-70.250
2006-05-01,Antofagasta,15.167,16.036,14.503,1.533,-23.750,-70.500
2006-05-01,La Serena,14.056,17.324,11.849,5.474,-30.000,-71.250
2006-05-01,Santiago,13.310,19.426,7.849,11.576,-33.500,-70.750
2006-05-01,Concepción,10.392,14.193,7.263,6.930,-36.750,-73.000
2006-05-01,Temuco,8.781,13.735,5.128,8.607,-38.750,-72.500
2006-05-01,Valdivia,9.452,12.703,6.828,5.875,-39.750,-73.250
2006-05-01,Puerto Montt,9.256,12.127,6.953,5.174,-41.500,-73.000
2006-05-01,Punta Arenas,5.081,7.206,3.141,4.066,-53.250,-71.000
2006-06-01,Arica,16.624,20.075,14.096,5.979,-18.500,-70.250
2006-06-01,Antofagasta,14.073,15.016,13.307,1.708,-23.750,-70.500
2006-06-01,La Serena,12.838,16.386,10.103,6.283,-30.000,-71.250
2006-06-01,Santiago,10.902,16.457,6.134,10.323,-33.500,-70.750
2006-06-01,Concepción,11.128,13.487,9.145,4.342,-36.750,-73.000
2006-06-01,Temuco,9.961,12.561,7.810,4.750,-38.750,-72.500
2006-06-01,Valdivia,10.085,12.020,8.409,3.611,-39.750,-73.250
2006-06-01,Puerto Montt,9.370,11.334,7.575,3.759,-41.500,-73.000
2006-06-01,Punta Arenas,1.564,3.431,-0.220,3.651,-53.250,-71.000
2006-07-01,Arica,16.744,20.289,14.027,6.262,-18.500,-70.250
2006-07-01,Antofagasta,14.550,15.627,13.740,1.887,-23.750,-70.500
2006-07-01,La Serena,13.129,16.789,10.310,6.480,-30.000,-71.250
2006-07-01,Santiago,10.802,16.439,6.065,10.374,-33.500,-70.750
2006-07-01,Concepción,10.134,13.035,7.536,5.499,-36.750,-73.000
2006-07-01,Temuco,8.618,12.165,5.718,6.446,-38.750,-72.500
2006-07-01,Valdivia,9.039,11.365,6.907,4.457,-39.750,-73.250
2006-07-01,Puerto Montt,8.128,10.462,5.993,4.469,-41.500,-73.000
2006-07-01,Punta Arenas,1.563,3.575,-0.554,4.129,-53.250,-71.000
2006-08-01,Arica,16.377,19.415,14.438,4.976,-18.500,-70.250
2006-08-01,Antofagasta,13.861,14.982,12.827,2.155,-23.750,-70.500
2006-08-01,La Serena,12.519,16.101,9.837,6.264,-30.000,-71.250
2006-08-01,Santiago,10.978,16.919,5.743,11.175,-33.500,-70.750
2006-08-01,Concepción,10.431,14.071,7.365,6.706,-36.750,-73.000
2006-08-01,Temuco,8.037,12.908,4.215,8.693,-38.750,-72.500
2006-08-01,Valdivia,8.650,11.868,5.957,5.912,-39.750,-73.250
2006-08-01,Puerto Montt,7.638,10.557,5.209,5.348,-41.500,-73.000
2006-08-01,Punta Arenas,2.502,4.699,0.379,4.320,-53.250,-71.000
2006-09-01,Arica,17.020,20.360,14.891,5.470,-18.500,-70.250
2006-09-01,Antofagasta,13.968,15.080,13.059,2.021,-23.750,-70.500
2006-09-01,La Serena,14.424,18.876,11.227,7.649,-30.000,-71.250
2006-09-01,Santiago,13.278,19.824,6.977,12.847,-33.500,-70.750
2006-09-01,Concepción,10.771,15.598,6.760,8.838,-36.750,-73.000
2006-09-01,Temuco,8.936,14.476,4.432,10.045,-38.750,-72.500
2006-09-01,Valdivia,9.242,12.625,6.086,6.538,-39.750,-73.250
2006-09-01,Puerto Montt,8.683,12.064,5.947,6.117,-41.500,-73.000
2006-09-01,Punta Arenas,3.625,5.817,1.584,4.233,-53.250,-71.000
2006-10-01,Arica,18.012,21.420,15.902,5.518,-18.500,-70.250
2006-10-01,Antofagasta,14.740,15.725,13.828,1.898,-23.750,-70.500
2006-10-01,La Serena,15.539,19.878,12.371,7.507,-30.000,-71.250
2006-10-01,Santiago,14.999,20.976,9.143,11.833,-33.500,-70.750
2006-10-01,Concepción,12.111,16.548,8.359,8.189,-36.750,-73.000
2006-10-01,Temuco,10.687,15.700,6.571,9.129,-38.750,-72.500
2006-10-01,Valdivia,10.544,13.388,7.943,5.445,-39.750,-73.250
2006-10-01,Puerto Montt,9.799,13.137,6.953,6.184,-41.500,-73.000
2006-10-01,Punta Arenas,6.292,9.079,3.619,5.460,-53.250,-71.000
2006-11-01,Arica,19.071,22.943,16.815,6.128,-18.500,-70.250
2006-11-01,Antofagasta,15.618,16.580,14.664,1.916,-23.750,-70.500
2006-11-01,La Serena,16.474,20.878,13.121,7.757,-30.000,-71.250
2006-11-01,Santiago,17.464,23.983,11.553,12.430,-33.500,-70.750
2006-11-01,Concepción,14.522,20.307,9.323,10.984,-36.750,-73.000
2006-11-01,Temuco,12.223,18.217,6.740,11.476,-38.750,-72.500
2006-11-01,Valdivia,12.073,15.928,8.391,7.537,-39.750,-73.250
2006-11-01,Puerto Montt,11.230,14.613,7.952,6.661,-41.500,-73.000
2006-11-01,Punta Arenas,6.981,9.709,4.472,5.237,-53.250,-71.000
2006-12-01,Arica,20.750,24.513,18.250,6.263,-18.500,-70.250
2006-12-01,Antofagasta,16.554,17.500,15.643,1.857,-23.750,-70.500
2006-12-01,La Serena,18.181,22.441,14.554,7.887,-30.000,-71.250
2006-12-01,Santiago,20.289,27.045,14.681,12.364,-33.500,-70.750
2006-12-01,Concepción,15.799,20.735,11.017,9.719,-36.750,-73.000
2006-12-01,Temuco,14.253,19.543,9.210,10.333,-38.750,-72.500
2006-12-01,Valdivia,13.665,16.426,10.847,5.579,-39.750,-73.250
2006-12-01,Puerto Montt,13.269,16.419,10.313,6.105,-41.500,-73.000
2006-12-01,Punta Arenas,7.607,10.215,5.020,5.195,-53.250,-71.000
2007-01-01,Arica,22.864,26.806,20.167,6.639,-18.500,-70.250
2007-01-01,Antofagasta,19.125,20.034,18.174,1.860,-23.750,-70.500
2007-01-01,La Serena,19.961,24.143,16.460,7.683,-30.000,-71.250
2007-01-01,Santiago,21.739,28.390,16.461,11.929,-33.500,-70.750
2007-01-01,Concepción,17.893,23.917,12.569,11.348,-36.750,-73.000
2007-01-01,Temuco,16.449,23.254,10.287,12.967,-38.750,-72.500
2007-01-01,Valdivia,15.276,19.277,11.381,7.896,-39.750,-73.250
2007-01-01,Puerto Montt,14.389,17.727,11.071,6.656,-41.500,-73.000
2007-01-01,Punta Arenas,9.239,12.031,6.840,5.190,-53.250,-71.000
2007-02-01,Arica,22.206,25.967,19.596,6.371,-18.500,-70.250
2007-02-01,Antofagasta,19.023,19.935,18.068,1.867,-23.750,-70.500
2007-02-01,La Serena,19.315,23.423,16.099,7.324,-30.000,-71.250
2007-02-01,Santiago,20.001,26.412,14.779,11.632,-33.500,-70.750
2007-02-01,Concepción,16.543,22.336,11.524,10.812,-36.750,-73.000
2007-02-01,Temuco,15.463,22.258,9.420,12.838,-38.750,-72.500
2007-02-01,Valdivia,14.844,19.003,11.083,7.920,-39.750,-73.250
2007-02-01,Puerto Montt,13.882,17.094,10.972,6.122,-41.500,-73.000
2007-02-01,Punta Arenas,8.415,10.641,6.388,4.253,-53.250,-71.000
2007-03-01,Arica,21.593,25.336,19.276,6.060,-18.500,-70.250
2007-03-01,Antofagasta,18.129,19.018,17.271,1.747,-23.750,-70.500
2007-03-01,La Serena,17.895,22.174,14.820,7.354,-30.000,-71.250
2007-03-01,Santiago,19.004,25.700,13.484,12.216,-33.500,-70.750
2007-03-01,Concepción,16.073,21.918,11.489,10.429,-36.750,-73.000
2007-03-01,Temuco,14.827,21.511,9.456,12.055,-38.750,-72.500
2007-03-01,Valdivia,13.944,18.030,10.726,7.303,-39.750,-73.250
2007-03-01,Puerto Montt,13.234,16.306,10.720,5.586,-41.500,-73.000
2007-03-01,Punta Arenas,7.953,10.555,5.670,4.885,-53.250,-71.000
2007-04-01,Arica,19.268,23.198,16.701,6.497,-18.500,-70.250
2007-04-01,Antofagasta,16.473,17.377,15.683,1.694,-23.750,-70.500
2007-04-01,La Serena,15.994,20.092,13.143,6.949,-30.000,-71.250
2007-04-01,Santiago,15.113,21.659,9.098,12.561,-33.500,-70.750
2007-04-01,Concepción,12.549,17.035,9.123,7.912,-36.750,-73.000
2007-04-01,Temuco,11.210,16.379,6.958,9.421,-38.750,-72.500
2007-04-01,Valdivia,11.186,14.348,8.556,5.792,-39.750,-73.250
2007-04-01,Puerto Montt,10.611,13.586,8.221,5.365,-41.500,-73.000
2007-04-01,Punta Arenas,5.437,7.440,3.559,3.881,-53.250,-71.000
2007-05-01,Arica,16.526,19.900,14.311,5.589,-18.500,-70.250
2007-05-01,Antofagasta,14.487,15.376,13.711,1.666,-23.750,-70.500
2007-05-01,La Serena,13.640,17.463,10.839,6.624,-30.000,-71.250
2007-05-01,Santiago,10.834,17.419,4.730,12.689,-33.500,-70.750
2007-05-01,Concepción,9.555,13.940,6.136,7.803,-36.750,-73.000
2007-05-01,Temuco,8.012,12.680,4.275,8.406,-38.750,-72.500
2007-05-01,Valdivia,8.698,11.874,6.115,5.759,-39.750,-73.250
2007-05-01,Puerto Montt,8.370,11.124,6.062,5.062,-41.500,-73.000
2007-05-01,Punta Arenas,3.117,5.328,1.172,4.157,-53.250,-71.000
2007-06-01,Arica,15.105,18.226,13.089,5.136,-18.500,-70.250
2007-06-01,Antofagasta,14.140,15.373,13.209,2.164,-23.750,-70.500
2007-06-01,La Serena,11.125,14.825,8.117,6.708,-30.000,-71.250
2007-06-01,Santiago,7.272,14.083,1.873,12.210,-33.500,-70.750
2007-06-01,Concepción,7.893,11.432,4.921,6.511,-36.750,-73.000
2007-06-01,Temuco,6.033,9.419,3.273,6.146,-38.750,-72.500
2007-06-01,Valdivia,7.350,9.372,5.523,3.849,-39.750,-73.250
2007-06-01,Puerto Montt,6.711,8.936,4.870,4.065,-41.500,-73.000
2007-06-01,Punta Arenas,1.894,3.558,-0.016,3.574,-53.250,-71.000
2007-07-01,Arica,14.525,17.625,12.233,5.392,-18.500,-70.250
2007-07-01,Antofagasta,13.386,14.684,12.417,2.267,-23.750,-70.500
2007-07-01,La Serena,11.373,16.337,7.097,9.239,-30.000,-71.250
2007-07-01,Santiago,7.543,13.493,2.722,10.772,-33.500,-70.750
2007-07-01,Concepción,7.913,11.174,4.957,6.216,-36.750,-73.000
2007-07-01,Temuco,6.101,9.538,3.222,6.316,-38.750,-72.500
2007-07-01,Valdivia,7.103,9.233,5.203,4.030,-39.750,-73.250
2007-07-01,Puerto Montt,6.395,8.521,4.566,3.955,-41.500,-73.000
2007-07-01,Punta Arenas,0.887,2.770,-1.028,3.798,-53.250,-71.000
2007-08-01,Arica,13.981,16.894,11.959,4.935,-18.500,-70.250
2007-08-01,Antofagasta,12.316,13.531,11.304,2.228,-23.750,-70.500
2007-08-01,La Serena,10.714,15.398,7.245,8.152,-30.000,-71.250
2007-08-01,Santiago,7.441,14.099,1.644,12.455,-33.500,-70.750
2007-08-01,Concepción,7.096,11.727,2.969,8.758,-36.750,-73.000
2007-08-01,Temuco,4.696,10.287,-0.094,10.381,-38.750,-72.500
2007-08-01,Valdivia,5.800,9.582,2.589,6.992,-39.750,-73.250
2007-08-01,Puerto Montt,5.471,8.843,2.509,6.334,-41.500,-73.000
2007-08-01,Punta Arenas,2.757,4.897,0.894,4.003,-53.250,-71.000
2007-09-01,Arica,14.853,17.981,13.131,4.850,-18.500,-70.250
2007-09-01,Antofagasta,12.699,13.893,11.607,2.286,-23.750,-70.500
2007-09-01,La Serena,12.300,16.487,9.429,7.058,-30.000,-71.250
2007-09-01,Santiago,11.625,18.213,5.963,12.250,-33.500,-70.750
2007-09-01,Concepción,9.628,13.876,5.864,8.012,-36.750,-73.000
2007-09-01,Temuco,9.092,14.451,4.829,9.622,-38.750,-72.500
2007-09-01,Valdivia,9.151,12.257,6.389,5.869,-39.750,-73.250
2007-09-01,Puerto Montt,8.694,11.964,5.879,6.085,-41.500,-73.000
2007-09-01,Punta Arenas,4.740,7.296,2.476,4.820,-53.250,-71.000
2007-10-01,Arica,16.068,19.544,14.045,5.498,-18.500,-70.250
2007-10-01,Antofagasta,13.266,14.264,12.256,2.008,-23.750,-70.500
2007-10-01,La Serena,14.599,19.291,11.211,8.080,-30.000,-71.250
2007-10-01,Santiago,15.300,22.094,9.226,12.867,-33.500,-70.750
2007-10-01,Concepción,11.644,16.377,7.543,8.834,-36.750,-73.000
2007-10-01,Temuco,10.872,15.772,6.719,9.052,-38.750,-72.500
2007-10-01,Valdivia,10.390,13.224,7.788,5.436,-39.750,-73.250
2007-10-01,Puerto Montt,9.895,13.043,7.092,5.951,-41.500,-73.000
2007-10-01,Punta Arenas,5.015,7.921,2.449,5.471,-53.250,-71.000
2007-11-01,Arica,17.952,21.583,15.839,5.744,-18.500,-70.250
2007-11-01,Antofagasta,15.084,16.025,14.104,1.921,-23.750,-70.500
2007-11-01,La Serena,16.425,21.040,12.937,8.103,-30.000,-71.250
2007-11-01,Santiago,17.848,25.266,11.119,14.147,-33.500,-70.750
2007-11-01,Concepción,14.062,19.932,8.814,11.118,-36.750,-73.000
2007-11-01,Temuco,11.994,17.872,6.419,11.453,-38.750,-72.500
2007-11-01,Valdivia,11.534,15.114,7.965,7.149,-39.750,-73.250
2007-11-01,Puerto Montt,10.841,14.220,7.495,6.725,-41.500,-73.000
2007-11-01,Punta Arenas,5.986,8.655,3.239,5.416,-53.250,-71.000
2007-12-01,Arica,19.634,23.451,17.007,6.444,-18.500,-70.250
2007-12-01,Antofagasta,16.849,17.750,15.872,1.878,-23.750,-70.500
2007-12-01,La Serena,17.204,21.389,14.059,7.330,-30.000,-71.250
2007-12-01,Santiago,19.766,26.833,13.600,13.233,-33.500,-70.750
2007-12-01,Concepción,16.045,21.921,10.470,11.450,-36.750,-73.000
2007-12-01,Temuco,14.487,20.928,8.215,12.712,-38.750,-72.500
2007-12-01,Valdivia,14.165,18.082,10.174,7.908,-39.750,-73.250
2007-12-01,Puerto Montt,12.859,16.129,9.448,6.681,-41.500,-73.000
2007-12-01,Punta Arenas,8.378,10.996,5.891,5.106,-53.250,-71.000
2008-01-01,Arica,22.006,25.481,19.797,5.684,-18.500,-70.250
2008-01-01,Antofagasta,19.702,20.542,18.796,1.746,-23.750,-70.500
2008-01-01,La Serena,19.227,23.333,16.079,7.254,-30.000,-71.250
2008-01-01,Santiago,22.091,29.172,16.102,13.070,-33.500,-70.750
2008-01-01,Concepción,18.300,24.316,12.873,11.443,-36.750,-73.000
2008-01-01,Temuco,17.966,25.362,11.475,13.887,-38.750,-72.500
2008-01-01,Valdivia,16.317,20.888,12.422,8.466,-39.750,-73.250
2008-01-01,Puerto Montt,15.347,19.341,11.606,7.735,-41.500,-73.000
2008-01-01,Punta Arenas,9.738,12.827,6.778,6.049,-53.250,-71.000
2008-02-01,Arica,22.065,25.706,19.397,6.309,-18.500,-70.250
2008-02-01,Antofagasta,20.117,21.022,19.191,1.830,-23.750,-70.500
2008-02-01,La Serena,19.594,23.632,16.467,7.165,-30.000,-71.250
2008-02-01,Santiago,21.590,28.701,15.786,12.915,-33.500,-70.750
2008-02-01,Concepción,18.640,24.639,13.723,10.916,-36.750,-73.000
2008-02-01,Temuco,18.856,27.151,12.065,15.086,-38.750,-72.500
2008-02-01,Valdivia,17.639,22.331,13.430,8.901,-39.750,-73.250
2008-02-01,Puerto Montt,15.604,19.499,12.235,7.265,-41.500,-73.000
2008-02-01,Punta Arenas,10.115,12.584,7.703,4.881,-53.250,-71.000
2008-03-01,Arica,21.573,25.078,19.017,6.061,-18.500,-70.250
2008-03-01,Antofagasta,19.419,20.286,18.560,1.726,-23.750,-70.500
2008-03-01,La Serena,18.980,23.123,15.872,7.250,-30.000,-71.250
2008-03-01,Santiago,19.267,25.982,13.657,12.325,-33.500,-70.750
2008-03-01,Concepción,16.241,22.208,11.399,10.809,-36.750,-73.000
2008-03-01,Temuco,15.818,23.364,9.704,13.660,-38.750,-72.500
2008-03-01,Valdivia,14.873,19.266,11.123,8.142,-39.750,-73.250
2008-03-01,Puerto Montt,13.597,17.459,10.558,6.901,-41.500,-73.000
2008-03-01,Punta Arenas,9.198,11.507,7.041,4.466,-53.250,-71.000
2008-04-01,Arica,18.829,22.605,16.074,6.531,-18.500,-70.250
2008-04-01,Antofagasta,16.913,17.753,16.074,1.679,-23.750,-70.500
2008-04-01,La Serena,15.449,19.157,12.960,6.197,-30.000,-71.250
2008-04-01,Santiago,15.755,22.612,9.722,12.890,-33.500,-70.750
2008-04-01,Concepción,12.840,18.235,8.266,9.969,-36.750,-73.000
2008-04-01,Temuco,10.965,16.893,6.405,10.488,-38.750,-72.500
2008-04-01,Valdivia,11.214,14.643,8.401,6.241,-39.750,-73.250
2008-04-01,Puerto Montt,10.794,13.827,8.362,5.465,-41.500,-73.000
2008-04-01,Punta Arenas,5.204,7.475,3.306,4.168,-53.250,-71.000
2008-05-01,Arica,16.543,20.167,14.152,6.015,-18.500,-70.250
2008-05-01,Antofagasta,15.044,15.980,14.212,1.767,-23.750,-70.500
2008-05-01,La Serena,13.980,17.822,11.355,6.466,-30.000,-71.250
2008-05-01,Santiago,11.472,17.874,5.678,12.196,-33.500,-70.750
2008-05-01,Concepción,10.589,14.659,7.318,7.341,-36.750,-73.000
2008-05-01,Temuco,8.976,13.780,5.120,8.659,-38.750,-72.500
2008-05-01,Valdivia,9.609,12.753,6.803,5.949,-39.750,-73.250
2008-05-01,Puerto Montt,9.501,12.642,6.461,6.180,-41.500,-73.000
2008-05-01,Punta Arenas,3.058,5.231,0.966,4.265,-53.250,-71.000
2008-06-01,Arica,16.013,19.094,14.121,4.973,-18.500,-70.250
2008-06-01,Antofagasta,14.259,15.416,13.372,2.044,-23.750,-70.500
2008-06-01,La Serena,12.195,16.091,8.821,7.270,-30.000,-71.250
2008-06-01,Santiago,8.499,15.614,2.593,13.021,-33.500,-70.750
2008-06-01,Concepción,9.287,12.629,6.674,5.955,-36.750,-73.000
2008-06-01,Temuco,7.885,11.667,4.812,6.855,-38.750,-72.500
2008-06-01,Valdivia,8.779,11.124,6.615,4.508,-39.750,-73.250
2008-06-01,Puerto Montt,8.442,10.793,6.432,4.361,-41.500,-73.000
2008-06-01,Punta Arenas,2.075,3.860,0.313,3.547,-53.250,-71.000
2008-07-01,Arica,15.317,18.493,13.202,5.291,-18.500,-70.250
2008-07-01,Antofagasta,13.725,14.868,12.819,2.049,-23.750,-70.500
2008-07-01,La Serena,11.733,14.905,9.119,5.786,-30.000,-71.250
2008-07-01,Santiago,9.398,15.279,4.214,11.064,-33.500,-70.750
2008-07-01,Concepción,9.889,12.268,7.765,4.503,-36.750,-73.000
2008-07-01,Temuco,8.882,11.704,6.355,5.349,-38.750,-72.500
2008-07-01,Valdivia,8.910,10.939,6.812,4.127,-39.750,-73.250
2008-07-01,Puerto Montt,8.101,10.252,5.997,4.255,-41.500,-73.000
2008-07-01,Punta Arenas,1.488,3.301,-0.425,3.726,-53.250,-71.000
2008-08-01,Arica,15.665,18.959,13.538,5.421,-18.500,-70.250
2008-08-01,Antofagasta,14.107,15.297,13.078,2.219,-23.750,-70.500
2008-08-01,La Serena,12.626,16.765,9.098,7.667,-30.000,-71.250
2008-08-01,Santiago,9.750,16.295,4.022,12.273,-33.500,-70.750
2008-08-01,Concepción,9.453,12.471,6.788,5.684,-36.750,-73.000
2008-08-01,Temuco,8.019,11.100,5.299,5.801,-38.750,-72.500
2008-08-01,Valdivia,8.462,10.156,6.783,3.373,-39.750,-73.250
2008-08-01,Puerto Montt,7.551,9.543,5.610,3.933,-41.500,-73.000
2008-08-01,Punta Arenas,0.450,2.510,-1.752,4.261,-53.250,-71.000
2008-09-01,Arica,16.406,19.906,14.352,5.555,-18.500,-70.250
2008-09-01,Antofagasta,14.004,15.044,12.909,2.135,-23.750,-70.500
2008-09-01,La Serena,13.500,17.471,10.534,6.937,-30.000,-71.250
2008-09-01,Santiago,12.348,18.535,6.690,11.845,-33.500,-70.750
2008-09-01,Concepción,11.201,16.212,7.042,9.170,-36.750,-73.000
2008-09-01,Temuco,9.800,16.000,4.801,11.199,-38.750,-72.500
2008-09-01,Valdivia,9.684,13.770,6.104,7.667,-39.750,-73.250
2008-09-01,Puerto Montt,8.754,13.049,5.436,7.613,-41.500,-73.000
2008-09-01,Punta Arenas,4.751,7.777,2.111,5.666,-53.250,-71.000
2008-10-01,Arica,17.011,20.646,14.958,5.688,-18.500,-70.250
2008-10-01,Antofagasta,14.293,15.271,13.254,2.017,-23.750,-70.500
2008-10-01,La Serena,15.157,19.779,11.775,8.004,-30.000,-71.250
2008-10-01,Santiago,15.253,21.687,8.778,12.909,-33.500,-70.750
2008-10-01,Concepción,12.725,18.236,7.834,10.402,-36.750,-73.000
2008-10-01,Temuco,10.850,16.636,5.793,10.843,-38.750,-72.500
2008-10-01,Valdivia,10.948,14.455,7.660,6.795,-39.750,-73.250
2008-10-01,Puerto Montt,10.189,13.634,7.027,6.607,-41.500,-73.000
2008-10-01,Punta Arenas,5.754,8.332,3.414,4.918,-53.250,-71.000
2008-11-01,Arica,18.600,22.366,15.961,6.405,-18.500,-70.250
2008-11-01,Antofagasta,15.793,16.781,14.765,2.016,-23.750,-70.500
2008-11-01,La Serena,16.748,21.069,13.532,7.537,-30.000,-71.250
2008-11-01,Santiago,18.710,25.839,12.109,13.730,-33.500,-70.750
2008-11-01,Concepción,15.588,21.159,10.575,10.584,-36.750,-73.000
2008-11-01,Temuco,14.098,20.341,8.591,11.749,-38.750,-72.500
2008-11-01,Valdivia,13.317,16.919,9.852,7.067,-39.750,-73.250
2008-11-01,Puerto Montt,12.377,15.705,8.885,6.820,-41.500,-73.000
2008-11-01,Punta Arenas,6.708,9.474,3.957,5.517,-53.250,-71.000
2008-12-01,Arica,20.255,23.675,17.539,6.136,-18.500,-70.250
2008-12-01,Antofagasta,18.021,18.983,17.001,1.982,-23.750,-70.500
2008-12-01,La Serena,18.514,22.704,15.195,7.509,-30.000,-71.250
2008-12-01,Santiago,20.708,27.541,14.892,12.648,-33.500,-70.750
2008-12-01,Concepción,17.740,23.347,12.494,10.854,-36.750,-73.000
2008-12-01,Temuco,17.354,24.428,10.907,13.521,-38.750,-72.500
2008-12-01,Valdivia,16.609,21.016,12.389,8.626,-39.750,-73.250
2008-12-01,Puerto Montt,15.226,19.183,11.268,7.916,-41.500,-73.000
2008-12-01,Punta Arenas,9.252,12.138,6.541,5.597,-53.250,-71.000
2009-01-01,Arica,21.797,25.431,18.923,6.508,-18.500,-70.250
2009-01-01,Antofagasta,18.945,19.867,17.996,1.871,-23.750,-70.500
2009-01-01,La Serena,19.283,23.345,16.142,7.203,-30.000,-71.250
2009-01-01,Santiago,22.353,29.533,16.213,13.321,-33.500,-70.750
2009-01-01,Concepción,18.514,25.424,12.419,13.005,-36.750,-73.000
2009-01-01,Temuco,17.257,25.058,10.208,14.850,-38.750,-72.500
2009-01-01,Valdivia,16.354,21.119,11.868,9.251,-39.750,-73.250
2009-01-01,Puerto Montt,14.803,18.805,11.251,7.553,-41.500,-73.000
2009-01-01,Punta Arenas,9.360,11.902,6.991,4.912,-53.250,-71.000
2009-02-01,Arica,22.573,26.008,20.109,5.900,-18.500,-70.250
2009-02-01,Antofagasta,19.294,20.199,18.365,1.835,-23.750,-70.500
2009-02-01,La Serena,19.122,23.211,16.067,7.144,-30.000,-71.250
2009-02-01,Santiago,21.087,28.233,15.234,12.999,-33.500,-70.750
2009-02-01,Concepción,17.482,23.893,12.146,11.747,-36.750,-73.000
2009-02-01,Temuco,16.207,23.530,10.288,13.242,-38.750,-72.500
2009-02-01,Valdivia,15.752,20.103,12.011,8.092,-39.750,-73.250
2009-02-01,Puerto Montt,14.559,18.139,11.409,6.730,-41.500,-73.000
2009-02-01,Punta Arenas,8.775,11.501,6.368,5.133,-53.250,-71.000
2009-03-01,Arica,21.893,25.632,19.148,6.485,-18.500,-70.250
2009-03-01,Antofagasta,18.371,19.174,17.519,1.656,-23.750,-70.500
2009-03-01,La Serena,18.263,22.434,15.481,6.954,-30.000,-71.250
2009-03-01,Santiago,20.720,28.274,14.748,13.526,-33.500,-70.750
2009-03-01,Concepción,16.870,23.545,11.454,12.092,-36.750,-73.000
2009-03-01,Temuco,15.538,22.967,9.605,13.363,-38.750,-72.500
2009-03-01,Valdivia,14.764,19.036,10.965,8.071,-39.750,-73.250
2009-03-01,Puerto Montt,13.439,16.710,10.592,6.118,-41.500,-73.000
2009-03-01,Punta Arenas,7.938,10.496,5.745,4.751,-53.250,-71.000
2009-04-01,Arica,20.549,24.530,17.696,6.834,-18.500,-70.250
2009-04-01,Antofagasta,17.404,18.161,16.692,1.469,-23.750,-70.500
2009-04-01,La Serena,16.455,20.255,14.104,6.151,-30.000,-71.250
2009-04-01,Santiago,17.883,25.094,11.402,13.692,-33.500,-70.750
2009-04-01,Concepción,14.446,20.397,9.739,10.657,-36.750,-73.000
2009-04-01,Temuco,13.179,19.144,8.640,10.504,-38.750,-72.500
2009-04-01,Valdivia,13.190,16.728,10.267,6.461,-39.750,-73.250
2009-04-01,Puerto Montt,12.557,15.745,10.016,5.729,-41.500,-73.000
2009-04-01,Punta Arenas,5.950,7.984,4.110,3.874,-53.250,-71.000
2009-05-01,Arica,18.624,22.309,16.114,6.195,-18.500,-70.250
2009-05-01,Antofagasta,16.203,17.019,15.388,1.631,-23.750,-70.500
2009-05-01,La Serena,14.682,18.039,12.500,5.539,-30.000,-71.250
2009-05-01,Santiago,13.378,19.322,7.891,11.431,-33.500,-70.750
2009-05-01,Concepción,11.156,14.544,8.490,6.055,-36.750,-73.000
2009-05-01,Temuco,9.818,13.536,6.641,6.895,-38.750,-72.500
2009-05-01,Valdivia,10.141,12.674,7.932,4.742,-39.750,-73.250
2009-05-01,Puerto Montt,9.615,12.075,7.422,4.653,-41.500,-73.000
2009-05-01,Punta Arenas,3.007,5.062,1.275,3.787,-53.250,-71.000
2009-06-01,Arica,16.957,20.540,14.656,5.884,-18.500,-70.250
2009-06-01,Antofagasta,15.018,16.008,14.088,1.920,-23.750,-70.500
2009-06-01,La Serena,12.873,16.837,10.008,6.829,-30.000,-71.250
2009-06-01,Santiago,9.721,16.689,3.856,12.832,-33.500,-70.750
2009-06-01,Concepción,9.040,12.685,6.024,6.661,-36.750,-73.000
2009-06-01,Temuco,7.403,11.363,4.336,7.026,-38.750,-72.500
2009-06-01,Valdivia,8.216,11.064,5.843,5.221,-39.750,-73.250
2009-06-01,Puerto Montt,7.783,10.120,5.737,4.383,-41.500,-73.000
2009-06-01,Punta Arenas,2.812,4.573,1.144,3.429,-53.250,-71.000
2009-07-01,Arica,15.977,18.963,14.037,4.926,-18.500,-70.250
2009-07-01,Antofagasta,14.248,15.610,13.139,2.471,-23.750,-70.500
2009-07-01,La Serena,11.550,16.429,7.403,9.026,-30.000,-71.250
2009-07-01,Santiago,8.463,15.427,2.536,12.891,-33.500,-70.750
2009-07-01,Concepción,8.269,12.234,5.082,7.153,-36.750,-73.000
2009-07-01,Temuco,5.931,10.551,2.261,8.290,-38.750,-72.500
2009-07-01,Valdivia,7.146,10.393,4.256,6.137,-39.750,-73.250
2009-07-01,Puerto Montt,6.933,9.920,4.441,5.479,-41.500,-73.000
2009-07-01,Punta Arenas,1.799,3.689,-0.089,3.778,-53.250,-71.000
2009-08-01,Arica,15.628,19.105,13.387,5.718,-18.500,-70.250
2009-08-01,Antofagasta,13.980,15.199,12.914,2.285,-23.750,-70.500
2009-08-01,La Serena,13.031,17.086,9.916,7.171,-30.000,-71.250
2009-08-01,Santiago,10.841,17.376,5.253,12.122,-33.500,-70.750
2009-08-01,Concepción,10.068,13.118,7.380,5.738,-36.750,-73.000
2009-08-01,Temuco,9.238,12.380,6.599,5.781,-38.750,-72.500
2009-08-01,Valdivia,9.387,11.136,7.789,3.347,-39.750,-73.250
2009-08-01,Puerto Montt,8.963,11.218,7.202,4.016,-41.500,-73.000
2009-08-01,Punta Arenas,2.207,4.235,0.406,3.829,-53.250,-71.000
2009-09-01,Arica,16.119,19.419,14.343,5.075,-18.500,-70.250
2009-09-01,Antofagasta,13.655,14.869,12.496,2.373,-23.750,-70.500
2009-09-01,La Serena,12.959,17.141,9.808,7.333,-30.000,-71.250
2009-09-01,Santiago,11.144,17.038,5.637,11.400,-33.500,-70.750
2009-09-01,Concepción,9.943,14.916,5.424,9.492,-36.750,-73.000
2009-09-01,Temuco,8.334,14.034,3.142,10.892,-38.750,-72.500
2009-09-01,Valdivia,8.701,12.585,5.026,7.559,-39.750,-73.250
2009-09-01,Puerto Montt,7.992,11.474,4.850,6.624,-41.500,-73.000
2009-09-01,Punta Arenas,4.180,6.671,2.067,4.604,-53.250,-71.000
2009-10-01,Arica,17.191,20.507,15.295,5.212,-18.500,-70.250
2009-10-01,Antofagasta,14.142,15.199,13.099,2.100,-23.750,-70.500
2009-10-01,La Serena,15.437,20.164,12.166,7.997,-30.000,-71.250
2009-10-01,Santiago,15.494,21.662,9.084,12.577,-33.500,-70.750
2009-10-01,Concepción,11.896,16.478,8.014,8.464,-36.750,-73.000
2009-10-01,Temuco,10.422,15.179,6.336,8.843,-38.750,-72.500
2009-10-01,Valdivia,10.063,12.874,7.387,5.487,-39.750,-73.250
2009-10-01,Puerto Montt,9.403,12.416,6.599,5.817,-41.500,-73.000
2009-10-01,Punta Arenas,4.378,7.236,1.796,5.440,-53.250,-71.000
2009-11-01,Arica,19.532,23.034,17.342,5.692,-18.500,-70.250
2009-11-01,Antofagasta,15.616,16.657,14.711,1.947,-23.750,-70.500
2009-11-01,La Serena,16.560,21.426,12.833,8.593,-30.000,-71.250
2009-11-01,Santiago,16.265,21.802,11.202,10.600,-33.500,-70.750
2009-11-01,Concepción,12.572,16.916,8.255,8.661,-36.750,-73.000
2009-11-01,Temuco,10.467,14.768,6.221,8.547,-38.750,-72.500
2009-11-01,Valdivia,10.496,12.983,7.945,5.038,-39.750,-73.250
2009-11-01,Puerto Montt,9.970,12.756,7.434,5.322,-41.500,-73.000
2009-11-01,Punta Arenas,4.417,6.820,2.358,4.462,-53.250,-71.000
2009-12-01,Arica,21.176,24.782,18.725,6.056,-18.500,-70.250
2009-12-01,Antofagasta,17.454,18.328,16.512,1.816,-23.750,-70.500
2009-12-01,La Serena,17.947,22.488,14.432,8.056,-30.000,-71.250
2009-12-01,Santiago,20.553,27.602,14.483,13.120,-33.500,-70.750
2009-12-01,Concepción,15.810,20.963,10.664,10.299,-36.750,-73.000
2009-12-01,Temuco,13.787,19.530,8.587,10.943,-38.750,-72.500
2009-12-01,Valdivia,13.260,16.449,10.093,6.356,-39.750,-73.250
2009-12-01,Puerto Montt,12.558,15.931,9.447,6.484,-41.500,-73.000
2009-12-01,Punta Arenas,8.080,10.857,5.514,5.343,-53.250,-71.000
2010-01-01,Arica,22.178,25.920,19.449,6.471,-18.500,-70.250
2010-01-01,Antofagasta,18.707,19.601,17.703,1.897,-23.750,-70.500
2010-01-01,La Serena,19.221,23.719,15.927,7.793,-30.000,-71.250
2010-01-01,Santiago,22.056,29.179,16.399,12.780,-33.500,-70.750
2010-01-01,Concepción,17.935,24.339,11.873,12.466,-36.750,-73.000
2010-01-01,Temuco,15.533,21.888,9.874,12.015,-38.750,-72.500
2010-01-01,Valdivia,14.985,18.618,11.617,7.000,-39.750,-73.250
2010-01-01,Puerto Montt,14.151,17.496,11.148,6.348,-41.500,-73.000
2010-01-01,Punta Arenas,8.526,10.972,6.382,4.590,-53.250,-71.000
2010-02-01,Arica,23.250,26.767,20.839,5.928,-18.500,-70.250
2010-02-01,Antofagasta,19.222,20.097,18.252,1.845,-23.750,-70.500
2010-02-01,La Serena,18.885,23.320,15.716,7.603,-30.000,-71.250
2010-02-01,Santiago,20.752,27.921,15.366,12.554,-33.500,-70.750
2010-02-01,Concepción,16.162,21.718,11.240,10.478,-36.750,-73.000
2010-02-01,Temuco,15.151,21.921,9.513,12.408,-38.750,-72.500
2010-02-01,Valdivia,14.209,17.988,11.097,6.891,-39.750,-73.250
2010-02-01,Puerto Montt,13.353,16.656,10.650,6.006,-41.500,-73.000
2010-02-01,Punta Arenas,7.740,10.499,5.576,4.923,-53.250,-71.000
2010-03-01,Arica,21.693,25.670,18.822,6.848,-18.500,-70.250
2010-03-01,Antofagasta,18.053,18.970,17.200,1.770,-23.750,-70.500
2010-03-01,La Serena,18.173,22.424,15.383,7.041,-30.000,-71.250
2010-03-01,Santiago,19.660,27.124,14.117,13.007,-33.500,-70.750
2010-03-01,Concepción,16.358,22.178,11.706,10.472,-36.750,-73.000
2010-03-01,Temuco,14.775,21.303,9.998,11.305,-38.750,-72.500
2010-03-01,Valdivia,13.928,17.621,11.179,6.443,-39.750,-73.250
2010-03-01,Puerto Montt,13.683,17.032,11.157,5.874,-41.500,-73.000
2010-03-01,Punta Arenas,7.659,10.528,5.234,5.294,-53.250,-71.000
2010-04-01,Arica,20.617,24.098,18.434,5.663,-18.500,-70.250
2010-04-01,Antofagasta,17.082,18.024,16.237,1.788,-23.750,-70.500
2010-04-01,La Serena,15.671,20.051,12.766,7.285,-30.000,-71.250
2010-04-01,Santiago,15.210,22.249,8.836,13.412,-33.500,-70.750
2010-04-01,Concepción,12.515,18.316,7.881,10.435,-36.750,-73.000
2010-04-01,Temuco,11.011,17.059,6.527,10.532,-38.750,-72.500
2010-04-01,Valdivia,11.280,14.740,8.532,6.208,-39.750,-73.250
2010-04-01,Puerto Montt,10.931,13.781,8.710,5.070,-41.500,-73.000
2010-04-01,Punta Arenas,6.042,8.597,3.876,4.721,-53.250,-71.000
2010-05-01,Arica,18.481,21.671,16.337,5.334,-18.500,-70.250
2010-05-01,Antofagasta,15.451,16.657,14.495,2.162,-23.750,-70.500
2010-05-01,La Serena,13.978,17.856,11.271,6.585,-30.000,-71.250
2010-05-01,Santiago,11.792,18.386,6.138,12.248,-33.500,-70.750
2010-05-01,Concepción,9.881,14.357,6.389,7.968,-36.750,-73.000
2010-05-01,Temuco,8.142,13.367,4.350,9.017,-38.750,-72.500
2010-05-01,Valdivia,8.478,11.821,5.708,6.113,-39.750,-73.250
2010-05-01,Puerto Montt,8.541,11.448,5.976,5.472,-41.500,-73.000
2010-05-01,Punta Arenas,4.652,6.723,2.630,4.093,-53.250,-71.000
2010-06-01,Arica,15.903,18.984,14.091,4.894,-18.500,-70.250
2010-06-01,Antofagasta,14.252,15.334,13.218,2.117,-23.750,-70.500
2010-06-01,La Serena,11.720,15.251,8.850,6.401,-30.000,-71.250
2010-06-01,Santiago,8.891,15.156,3.585,11.571,-33.500,-70.750
2010-06-01,Concepción,9.941,12.932,7.520,5.412,-36.750,-73.000
2010-06-01,Temuco,8.909,11.963,6.558,5.404,-38.750,-72.500
2010-06-01,Valdivia,9.120,11.054,7.486,3.568,-39.750,-73.250
2010-06-01,Puerto Montt,8.648,10.783,6.765,4.018,-41.500,-73.000
2010-06-01,Punta Arenas,1.253,3.474,-0.722,4.196,-53.250,-71.000
2010-07-01,Arica,14.143,17.451,12.191,5.260,-18.500,-70.250
2010-07-01,Antofagasta,12.629,13.769,11.561,2.208,-23.750,-70.500
2010-07-01,La Serena,10.550,14.650,7.176,7.474,-30.000,-71.250
2010-07-01,Santiago,6.444,12.954,1.089,11.865,-33.500,-70.750
2010-07-01,Concepción,8.147,11.304,5.361,5.943,-36.750,-73.000
2010-07-01,Temuco,6.657,10.631,3.446,7.185,-38.750,-72.500
2010-07-01,Valdivia,7.273,9.890,4.901,4.989,-39.750,-73.250
2010-07-01,Puerto Montt,6.754,9.122,4.523,4.599,-41.500,-73.000
2010-07-01,Punta Arenas,0.565,2.800,-1.835,4.635,-53.250,-71.000
2010-08-01,Arica,14.718,18.165,12.655,5.511,-18.500,-70.250
2010-08-01,Antofagasta,12.626,13.726,11.693,2.033,-23.750,-70.500
2010-08-01,La Serena,11.861,16.107,8.640,7.466,-30.000,-71.250
2010-08-01,Santiago,9.869,16.265,4.645,11.620,-33.500,-70.750
2010-08-01,Concepción,9.066,13.197,5.732,7.465,-36.750,-73.000
2010-08-01,Temuco,7.522,12.451,3.666,8.786,-38.750,-72.500
2010-08-01,Valdivia,7.562,10.852,4.735,6.117,-39.750,-73.250
2010-08-01,Puerto Montt,7.115,10.268,4.481,5.788,-41.500,-73.000
2010-08-01,Punta Arenas,1.660,3.749,-0.439,4.188,-53.250,-71.000
2010-09-01,Arica,15.553,18.940,13.659,5.281,-18.500,-70.250
2010-09-01,Antofagasta,13.275,14.411,12.286,2.125,-23.750,-70.500
2010-09-01,La Serena,13.680,18.936,9.617,9.319,-30.000,-71.250
2010-09-01,Santiago,12.332,18.831,6.119,12.712,-33.500,-70.750
2010-09-01,Concepción,10.128,14.991,5.979,9.012,-36.750,-73.000
2010-09-01,Temuco,8.905,14.306,4.431,9.875,-38.750,-72.500
2010-09-01,Valdivia,9.062,12.203,6.184,6.019,-39.750,-73.250
2010-09-01,Puerto Montt,8.653,12.031,5.826,6.205,-41.500,-73.000
2010-09-01,Punta Arenas,3.961,6.322,1.753,4.568,-53.250,-71.000
2010-10-01,Arica,16.591,20.159,14.525,5.634,-18.500,-70.250
2010-10-01,Antofagasta,13.936,14.982,12.898,2.085,-23.750,-70.500
2010-10-01,La Serena,14.794,19.206,11.493,7.713,-30.000,-71.250
2010-10-01,Santiago,14.572,21.102,8.186,12.916,-33.500,-70.750
2010-10-01,Concepción,12.117,16.984,7.943,9.041,-36.750,-73.000
2010-10-01,Temuco,10.816,16.559,6.072,10.487,-38.750,-72.500
2010-10-01,Valdivia,10.685,14.118,7.576,6.542,-39.750,-73.250
2010-10-01,Puerto Montt,10.192,13.683,7.359,6.324,-41.500,-73.000
2010-10-01,Punta Arenas,6.010,9.053,3.443,5.610,-53.250,-71.000
2010-11-01,Arica,18.131,21.876,15.477,6.400,-18.500,-70.250
2010-11-01,Antofagasta,15.261,16.274,14.180,2.094,-23.750,-70.500
2010-11-01,La Serena,16.529,21.106,13.391,7.714,-30.000,-71.250
2010-11-01,Santiago,17.563,24.597,11.220,13.377,-33.500,-70.750
2010-11-01,Concepción,14.366,19.882,9.535,10.347,-36.750,-73.000
2010-11-01,Temuco,12.274,17.696,7.652,10.044,-38.750,-72.500
2010-11-01,Valdivia,12.047,15.378,8.619,6.759,-39.750,-73.250
2010-11-01,Puerto Montt,11.268,14.348,8.426,5.921,-41.500,-73.000
2010-11-01,Punta Arenas,6.922,9.740,4.241,5.500,-53.250,-71.000
2010-12-01,Arica,19.548,23.467,16.665,6.802,-18.500,-70.250
2010-12-01,Antofagasta,16.274,17.363,15.210,2.153,-23.750,-70.500
2010-12-01,La Serena,17.024,21.400,13.611,7.789,-30.000,-71.250
2010-12-01,Santiago,18.226,25.356,12.330,13.026,-33.500,-70.750
2010-12-01,Concepción,15.302,20.573,10.353,10.221,-36.750,-73.000
2010-12-01,Temuco,13.708,19.819,8.353,11.466,-38.750,-72.500
2010-12-01,Valdivia,13.248,16.706,9.897,6.809,-39.750,-73.250
2010-12-01,Puerto Montt,12.669,15.992,9.667,6.324,-41.500,-73.000
2010-12-01,Punta Arenas,6.725,9.507,4.291,5.216,-53.250,-71.000
2011-01-01,Arica,21.268,24.810,18.449,6.362,-18.500,-70.250
2011-01-01,Antofagasta,18.406,19.275,17.501,1.775,-23.750,-70.500
2011-01-01,La Serena,19.182,23.548,15.855,7.693,-30.000,-71.250
2011-01-01,Santiago,21.603,29.095,15.724,13.371,-33.500,-70.750
2011-01-01,Concepción,17.683,23.378,12.429,10.949,-36.750,-73.000
2011-01-01,Temuco,16.623,23.337,10.620,12.717,-38.750,-72.500
2011-01-01,Valdivia,15.701,19.640,11.843,7.797,-39.750,-73.250
2011-01-01,Puerto Montt,14.705,18.235,11.388,6.847,-41.500,-73.000
2011-01-01,Punta Arenas,8.858,11.603,6.371,5.231,-53.250,-71.000
2011-02-01,Arica,22.460,25.766,19.955,5.811,-18.500,-70.250
2011-02-01,Antofagasta,19.325,20.148,18.471,1.677,-23.750,-70.500
2011-02-01,La Serena,19.288,23.503,16.348,7.155,-30.000,-71.250
2011-02-01,Santiago,21.059,28.134,15.693,12.441,-33.500,-70.750
2011-02-01,Concepción,16.850,22.882,12.169,10.713,-36.750,-73.000
2011-02-01,Temuco,16.815,25.053,10.335,14.718,-38.750,-72.500
2011-02-01,Valdivia,15.543,20.703,11.388,9.315,-39.750,-73.250
2011-02-01,Puerto Montt,14.750,19.119,11.025,8.094,-41.500,-73.000
2011-02-01,Punta Arenas,9.454,12.298,6.914,5.384,-53.250,-71.000
2011-03-01,Arica,21.083,24.962,18.076,6.885,-18.500,-70.250
2011-03-01,Antofagasta,18.346,19.226,17.358,1.868,-23.750,-70.500
2011-03-01,La Serena,18.187,22.401,15.230,7.172,-30.000,-71.250
2011-03-01,Santiago,19.086,26.304,13.248,13.056,-33.500,-70.750
2011-03-01,Concepción,15.273,21.235,10.456,10.779,-36.750,-73.000
2011-03-01,Temuco,13.834,20.486,8.527,11.959,-38.750,-72.500
2011-03-01,Valdivia,13.642,17.440,10.435,7.005,-39.750,-73.250
2011-03-01,Puerto Montt,12.907,16.359,9.916,6.443,-41.500,-73.000
2011-03-01,Punta Arenas,7.863,10.740,5.533,5.206,-53.250,-71.000
2011-04-01,Arica,19.859,23.589,17.292,6.297,-18.500,-70.250
2011-04-01,Antofagasta,16.567,17.403,15.752,1.652,-23.750,-70.500
2011-04-01,La Serena,15.751,19.629,13.139,6.490,-30.000,-71.250
2011-04-01,Santiago,15.222,22.307,8.993,13.313,-33.500,-70.750
2011-04-01,Concepción,12.873,18.258,8.502,9.756,-36.750,-73.000
2011-04-01,Temuco,11.071,16.531,6.890,9.641,-38.750,-72.500
2011-04-01,Valdivia,11.386,14.634,8.627,6.007,-39.750,-73.250
2011-04-01,Puerto Montt,10.871,13.646,8.407,5.239,-41.500,-73.000
2011-04-01,Punta Arenas,4.620,7.124,2.288,4.835,-53.250,-71.000
2011-05-01,Arica,17.871,21.216,15.781,5.435,-18.500,-70.250
2011-05-01,Antofagasta,14.869,15.831,14.079,1.752,-23.750,-70.500
2011-05-01,La Serena,13.611,17.516,10.904,6.612,-30.000,-71.250
2011-05-01,Santiago,12.177,19.475,5.834,13.640,-33.500,-70.750
2011-05-01,Concepción,10.350,14.602,7.041,7.561,-36.750,-73.000
2011-05-01,Temuco,8.396,13.098,4.675,8.423,-38.750,-72.500
2011-05-01,Valdivia,9.198,12.159,6.822,5.337,-39.750,-73.250
2011-05-01,Puerto Montt,9.164,11.945,6.895,5.050,-41.500,-73.000
2011-05-01,Punta Arenas,4.024,6.244,2.230,4.014,-53.250,-71.000
2011-06-01,Arica,16.838,19.713,15.099,4.614,-18.500,-70.250
2011-06-01,Antofagasta,14.721,15.694,13.874,1.819,-23.750,-70.500
2011-06-01,La Serena,12.271,16.397,9.044,7.353,-30.000,-71.250
2011-06-01,Santiago,8.202,15.153,2.595,12.558,-33.500,-70.750
2011-06-01,Concepción,9.862,12.785,7.368,5.417,-36.750,-73.000
2011-06-01,Temuco,7.811,11.555,4.609,6.946,-38.750,-72.500
2011-06-01,Valdivia,8.534,11.113,6.311,4.802,-39.750,-73.250
2011-06-01,Puerto Montt,8.163,10.604,6.100,4.504,-41.500,-73.000
2011-06-01,Punta Arenas,1.461,3.277,-0.301,3.579,-53.250,-71.000
2011-07-01,Arica,15.613,18.382,13.919,4.463,-18.500,-70.250
2011-07-01,Antofagasta,13.226,14.334,12.302,2.032,-23.750,-70.500
2011-07-01,La Serena,10.868,14.484,8.075,6.409,-30.000,-71.250
2011-07-01,Santiago,6.968,13.910,1.824,12.086,-33.500,-70.750
2011-07-01,Concepción,7.880,11.421,4.901,6.520,-36.750,-73.000
2011-07-01,Temuco,6.088,10.413,2.880,7.534,-38.750,-72.500
2011-07-01,Valdivia,7.368,9.821,5.435,4.386,-39.750,-73.250
2011-07-01,Puerto Montt,7.002,9.221,5.002,4.219,-41.500,-73.000
2011-07-01,Punta Arenas,0.949,2.857,-1.098,3.955,-53.250,-71.000
2011-08-01,Arica,15.184,18.376,13.324,5.052,-18.500,-70.250
2011-08-01,Antofagasta,13.443,15.065,12.215,2.850,-23.750,-70.500
2011-08-01,La Serena,12.088,16.912,8.264,8.648,-30.000,-71.250
2011-08-01,Santiago,9.127,15.125,3.949,11.176,-33.500,-70.750
2011-08-01,Concepción,9.158,12.416,6.225,6.191,-36.750,-73.000
2011-08-01,Temuco,7.713,11.838,4.187,7.651,-38.750,-72.500
2011-08-01,Valdivia,7.820,10.490,5.464,5.025,-39.750,-73.250
2011-08-01,Puerto Montt,7.196,9.747,4.996,4.751,-41.500,-73.000
2011-08-01,Punta Arenas,0.929,2.986,-1.101,4.088,-53.250,-71.000
2011-09-01,Arica,15.946,19.223,14.162,5.060,-18.500,-70.250
2011-09-01,Antofagasta,13.331,14.401,12.243,2.158,-23.750,-70.500
2011-09-01,La Serena,14.095,18.928,10.694,8.234,-30.000,-71.250
2011-09-01,Santiago,13.364,20.904,6.633,14.271,-33.500,-70.750
2011-09-01,Concepción,10.716,15.218,6.954,8.264,-36.750,-73.000
2011-09-01,Temuco,9.713,14.637,5.882,8.754,-38.750,-72.500
2011-09-01,Valdivia,9.580,12.490,7.080,5.410,-39.750,-73.250
2011-09-01,Puerto Montt,9.027,12.187,6.672,5.515,-41.500,-73.000
2011-09-01,Punta Arenas,2.835,5.027,0.683,4.344,-53.250,-71.000
2011-10-01,Arica,16.743,20.426,14.322,6.104,-18.500,-70.250
2011-10-01,Antofagasta,14.207,15.303,13.074,2.229,-23.750,-70.500
2011-10-01,La Serena,14.613,19.212,11.335,7.877,-30.000,-71.250
2011-10-01,Santiago,15.346,21.943,9.626,12.317,-33.500,-70.750
2011-10-01,Concepción,11.852,16.962,7.412,9.549,-36.750,-73.000
2011-10-01,Temuco,10.533,16.592,5.306,11.286,-38.750,-72.500
2011-10-01,Valdivia,10.452,14.337,7.086,7.251,-39.750,-73.250
2011-10-01,Puerto Montt,9.775,13.243,6.756,6.486,-41.500,-73.000
2011-10-01,Punta Arenas,5.670,8.430,3.144,5.287,-53.250,-71.000
2011-11-01,Arica,18.844,22.641,16.433,6.209,-18.500,-70.250
2011-11-01,Antofagasta,15.076,16.030,14.062,1.969,-23.750,-70.500
2011-11-01,La Serena,16.489,21.091,13.074,8.016,-30.000,-71.250
2011-11-01,Santiago,18.114,25.455,11.421,14.034,-33.500,-70.750
2011-11-01,Concepción,14.422,19.761,9.596,10.164,-36.750,-73.000
2011-11-01,Temuco,13.030,18.900,7.809,11.091,-38.750,-72.500
2011-11-01,Valdivia,12.543,15.972,9.373,6.599,-39.750,-73.250
2011-11-01,Puerto Montt,11.939,15.241,8.972,6.268,-41.500,-73.000
2011-11-01,Punta Arenas,7.045,9.691,4.517,5.174,-53.250,-71.000
2011-12-01,Arica,20.628,24.337,18.183,6.154,-18.500,-70.250
2011-12-01,Antofagasta,17.360,18.325,16.361,1.964,-23.750,-70.500
2011-12-01,La Serena,18.302,22.575,15.144,7.430,-30.000,-71.250
2011-12-01,Santiago,20.955,28.043,14.961,13.082,-33.500,-70.750
2011-12-01,Concepción,17.570,23.700,11.781,11.920,-36.750,-73.000
2011-12-01,Temuco,16.572,24.185,9.521,14.664,-38.750,-72.500
2011-12-01,Valdivia,15.535,20.298,11.093,9.204,-39.750,-73.250
2011-12-01,Puerto Montt,13.903,17.703,10.486,7.217,-41.500,-73.000
2011-12-01,Punta Arenas,9.425,12.212,6.951,5.260,-53.250,-71.000
2012-01-01,Arica,21.907,25.391,19.204,6.187,-18.500,-70.250
2012-01-01,Antofagasta,18.982,19.938,18.024,1.915,-23.750,-70.500
2012-01-01,La Serena,19.632,23.925,16.440,7.485,-30.000,-71.250
2012-01-01,Santiago,21.418,28.335,15.800,12.535,-33.500,-70.750
2012-01-01,Concepción,18.443,24.085,13.604,10.481,-36.750,-73.000
2012-01-01,Temuco,18.276,25.823,11.906,13.917,-38.750,-72.500
2012-01-01,Valdivia,16.784,20.949,13.029,7.921,-39.750,-73.250
2012-01-01,Puerto Montt,15.836,19.753,12.390,7.363,-41.500,-73.000
2012-01-01,Punta Arenas,9.693,12.263,7.206,5.058,-53.250,-71.000
2012-02-01,Arica,22.538,25.730,20.190,5.540,-18.500,-70.250
2012-02-01,Antofagasta,19.748,20.590,18.925,1.665,-23.750,-70.500
2012-02-01,La Serena,20.012,24.406,16.843,7.564,-30.000,-71.250
2012-02-01,Santiago,22.091,28.915,16.526,12.390,-33.500,-70.750
2012-02-01,Concepción,17.620,23.112,12.788,10.324,-36.750,-73.000
2012-02-01,Temuco,16.547,23.366,10.992,12.373,-38.750,-72.500
2012-02-01,Valdivia,14.876,18.550,11.468,7.082,-39.750,-73.250
2012-02-01,Puerto Montt,14.077,17.521,11.158,6.363,-41.500,-73.000
2012-02-01,Punta Arenas,6.890,9.567,4.336,5.230,-53.250,-71.000
2012-03-01,Arica,22.678,26.207,20.258,5.948,-18.500,-70.250
2012-03-01,Antofagasta,18.589,19.387,17.755,1.632,-23.750,-70.500
2012-03-01,La Serena,18.611,23.079,15.642,7.437,-30.000,-71.250
2012-03-01,Santiago,21.166,29.106,15.023,14.083,-33.500,-70.750
2012-03-01,Concepción,16.951,23.323,11.755,11.567,-36.750,-73.000
2012-03-01,Temuco,14.955,21.766,9.503,12.263,-38.750,-72.500
2012-03-01,Valdivia,14.536,18.867,11.079,7.788,-39.750,-73.250
2012-03-01,Puerto Montt,13.506,16.760,10.801,5.959,-41.500,-73.000
2012-03-01,Punta Arenas,8.622,10.780,6.723,4.057,-53.250,-71.000
2012-04-01,Arica,20.798,24.452,18.214,6.237,-18.500,-70.250
2012-04-01,Antofagasta,18.271,19.143,17.438,1.704,-23.750,-70.500
2012-04-01,La Serena,16.695,20.526,14.220,6.306,-30.000,-71.250
2012-04-01,Santiago,16.414,22.806,10.518,12.287,-33.500,-70.750
2012-04-01,Concepción,12.782,18.254,8.562,9.692,-36.750,-73.000
2012-04-01,Temuco,10.955,17.140,6.264,10.876,-38.750,-72.500
2012-04-01,Valdivia,11.237,14.839,8.302,6.537,-39.750,-73.250
2012-04-01,Puerto Montt,11.031,14.205,8.509,5.696,-41.500,-73.000
2012-04-01,Punta Arenas,5.034,7.511,2.862,4.650,-53.250,-71.000
2012-05-01,Arica,18.723,22.501,16.110,6.391,-18.500,-70.250
2012-05-01,Antofagasta,16.331,17.222,15.461,1.760,-23.750,-70.500
2012-05-01,La Serena,15.149,19.203,12.502,6.700,-30.000,-71.250
2012-05-01,Santiago,13.192,19.285,7.590,11.695,-33.500,-70.750
2012-05-01,Concepción,11.344,14.976,8.465,6.510,-36.750,-73.000
2012-05-01,Temuco,9.879,14.212,6.594,7.619,-38.750,-72.500
2012-05-01,Valdivia,10.178,12.763,7.860,4.902,-39.750,-73.250
2012-05-01,Puerto Montt,9.852,12.467,7.614,4.853,-41.500,-73.000
2012-05-01,Punta Arenas,2.523,4.787,0.231,4.556,-53.250,-71.000
2012-06-01,Arica,17.694,20.960,15.441,5.519,-18.500,-70.250
2012-06-01,Antofagasta,16.114,17.019,15.127,1.892,-23.750,-70.500
2012-06-01,La Serena,13.661,18.133,10.073,8.060,-30.000,-71.250
2012-06-01,Santiago,10.193,16.577,4.997,11.580,-33.500,-70.750
2012-06-01,Concepción,10.424,13.183,7.955,5.229,-36.750,-73.000
2012-06-01,Temuco,7.956,11.770,4.683,7.087,-38.750,-72.500
2012-06-01,Valdivia,8.137,10.611,5.968,4.643,-39.750,-73.250
2012-06-01,Puerto Montt,7.239,9.564,5.052,4.512,-41.500,-73.000
2012-06-01,Punta Arenas,0.605,2.565,-1.408,3.973,-53.250,-71.000
2012-07-01,Arica,16.419,19.535,14.401,5.134,-18.500,-70.250
2012-07-01,Antofagasta,13.969,15.081,12.956,2.126,-23.750,-70.500
2012-07-01,La Serena,11.952,16.705,8.154,8.551,-30.000,-71.250
2012-07-01,Santiago,8.827,15.887,2.515,13.372,-33.500,-70.750
2012-07-01,Concepción,7.768,12.126,4.296,7.830,-36.750,-73.000
2012-07-01,Temuco,5.696,10.137,2.268,7.869,-38.750,-72.500
2012-07-01,Valdivia,6.993,9.883,4.610,5.272,-39.750,-73.250
2012-07-01,Puerto Montt,6.182,8.924,3.902,5.022,-41.500,-73.000
2012-07-01,Punta Arenas,1.224,2.976,-0.650,3.626,-53.250,-71.000
2012-08-01,Arica,15.840,18.970,13.892,5.078,-18.500,-70.250
2012-08-01,Antofagasta,13.863,15.004,12.788,2.216,-23.750,-70.500
2012-08-01,La Serena,12.517,17.221,8.958,8.262,-30.000,-71.250
2012-08-01,Santiago,9.672,16.031,4.238,11.793,-33.500,-70.750
2012-08-01,Concepción,9.108,12.691,6.118,6.573,-36.750,-73.000
2012-08-01,Temuco,8.031,12.173,4.861,7.312,-38.750,-72.500
2012-08-01,Valdivia,8.354,11.080,5.934,5.146,-39.750,-73.250
2012-08-01,Puerto Montt,7.923,10.763,5.579,5.183,-41.500,-73.000
2012-08-01,Punta Arenas,3.192,5.374,1.240,4.134,-53.250,-71.000
2012-09-01,Arica,16.813,20.027,15.067,4.960,-18.500,-70.250
2012-09-01,Antofagasta,13.696,14.702,12.717,1.984,-23.750,-70.500
2012-09-01,La Serena,13.996,18.349,11.125,7.225,-30.000,-71.250
2012-09-01,Santiago,13.001,19.041,7.405,11.635,-33.500,-70.750
2012-09-01,Concepción,11.088,16.054,7.180,8.874,-36.750,-73.000
2012-09-01,Temuco,9.746,15.175,5.504,9.671,-38.750,-72.500
2012-09-01,Valdivia,9.779,13.388,6.937,6.450,-39.750,-73.250
2012-09-01,Puerto Montt,9.326,12.666,6.774,5.892,-41.500,-73.000
2012-09-01,Punta Arenas,4.652,6.895,2.622,4.274,-53.250,-71.000
2012-10-01,Arica,17.269,20.809,15.313,5.496,-18.500,-70.250
2012-10-01,Antofagasta,14.356,15.514,13.253,2.261,-23.750,-70.500
2012-10-01,La Serena,14.800,19.547,11.406,8.141,-30.000,-71.250
2012-10-01,Santiago,13.999,19.366,9.220,10.146,-33.500,-70.750
2012-10-01,Concepción,12.059,16.665,8.129,8.536,-36.750,-73.000
2012-10-01,Temuco,10.751,16.041,6.402,9.639,-38.750,-72.500
2012-10-01,Valdivia,10.746,14.070,7.801,6.270,-39.750,-73.250
2012-10-01,Puerto Montt,10.007,13.133,7.289,5.844,-41.500,-73.000
2012-10-01,Punta Arenas,5.535,7.869,3.541,4.327,-53.250,-71.000
2012-11-01,Arica,18.883,22.414,16.817,5.598,-18.500,-70.250
2012-11-01,Antofagasta,15.151,16.126,14.087,2.039,-23.750,-70.500
2012-11-01,La Serena,16.250,20.358,13.333,7.024,-30.000,-71.250
2012-11-01,Santiago,18.375,25.025,11.852,13.173,-33.500,-70.750
2012-11-01,Concepción,14.923,20.712,9.893,10.819,-36.750,-73.000
2012-11-01,Temuco,13.185,20.006,7.287,12.719,-38.750,-72.500
2012-11-01,Valdivia,12.870,17.115,8.934,8.180,-39.750,-73.250
2012-11-01,Puerto Montt,12.302,15.963,9.041,6.922,-41.500,-73.000
2012-11-01,Punta Arenas,7.194,9.664,5.058,4.606,-53.250,-71.000
2012-12-01,Arica,20.687,24.293,18.240,6.053,-18.500,-70.250
2012-12-01,Antofagasta,17.229,18.161,16.231,1.930,-23.750,-70.500
2012-12-01,La Serena,18.163,22.471,14.714,7.757,-30.000,-71.250
2012-12-01,Santiago,19.362,25.996,13.120,12.876,-33.500,-70.750
2012-12-01,Concepción,15.868,20.613,11.502,9.110,-36.750,-73.000
2012-12-01,Temuco,14.099,18.825,9.767,9.058,-38.750,-72.500
2012-12-01,Valdivia,13.639,16.223,11.244,4.979,-39.750,-73.250
2012-12-01,Puerto Montt,13.069,15.682,10.750,4.932,-41.500,-73.000
2012-12-01,Punta Arenas,7.738,10.267,5.406,4.861,-53.250,-71.000
2013-01-01,Arica,21.768,25.406,19.223,6.183,-18.500,-70.250
2013-01-01,Antofagasta,18.869,19.932,17.744,2.187,-23.750,-70.500
2013-01-01,La Serena,19.155,23.053,16.471,6.582,-30.000,-71.250
2013-01-01,Santiago,21.636,28.289,16.078,12.211,-33.500,-70.750
2013-01-01,Concepción,18.125,23.929,13.498,10.431,-36.750,-73.000
2013-01-01,Temuco,18.314,26.197,11.805,14.392,-38.750,-72.500
2013-01-01,Valdivia,17.444,22.579,13.125,9.454,-39.750,-73.250
2013-01-01,Puerto Montt,16.269,20.631,12.437,8.194,-41.500,-73.000
2013-01-01,Punta Arenas,10.521,13.125,8.068,5.056,-53.250,-71.000
2013-02-01,Arica,22.836,26.337,20.172,6.164,-18.500,-70.250
2013-02-01,Antofagasta,19.684,20.603,18.814,1.789,-23.750,-70.500
2013-02-01,La Serena,19.762,24.185,16.471,7.714,-30.000,-71.250
2013-02-01,Santiago,21.664,28.541,15.961,12.580,-33.500,-70.750
2013-02-01,Concepción,18.103,23.936,13.120,10.815,-36.750,-73.000
2013-02-01,Temuco,16.718,23.590,11.159,12.431,-38.750,-72.500
2013-02-01,Valdivia,15.931,19.978,12.456,7.523,-39.750,-73.250
2013-02-01,Puerto Montt,15.037,18.391,12.369,6.022,-41.500,-73.000
2013-02-01,Punta Arenas,9.322,11.871,7.103,4.769,-53.250,-71.000
2013-03-01,Arica,21.387,25.160,18.826,6.334,-18.500,-70.250
2013-03-01,Antofagasta,17.750,18.597,16.854,1.743,-23.750,-70.500
2013-03-01,La Serena,17.329,21.085,14.682,6.403,-30.000,-71.250
2013-03-01,Santiago,19.074,26.023,13.143,12.880,-33.500,-70.750
2013-03-01,Concepción,15.612,22.267,10.388,11.879,-36.750,-73.000
2013-03-01,Temuco,14.087,21.510,8.465,13.045,-38.750,-72.500
2013-03-01,Valdivia,13.964,18.239,10.601,7.638,-39.750,-73.250
2013-03-01,Puerto Montt,13.391,17.378,10.468,6.909,-41.500,-73.000
2013-03-01,Punta Arenas,8.909,11.721,6.398,5.324,-53.250,-71.000
2013-04-01,Arica,18.747,22.770,15.835,6.935,-18.500,-70.250
2013-04-01,Antofagasta,16.050,16.881,15.293,1.588,-23.750,-70.500
2013-04-01,La Serena,15.274,19.266,12.566,6.700,-30.000,-71.250
2013-04-01,Santiago,15.530,22.791,9.225,13.566,-33.500,-70.750
2013-04-01,Concepción,13.352,18.597,9.614,8.983,-36.750,-73.000
2013-04-01,Temuco,12.441,18.341,8.123,10.218,-38.750,-72.500
2013-04-01,Valdivia,12.243,15.831,9.202,6.628,-39.750,-73.250
2013-04-01,Puerto Montt,12.163,15.374,9.485,5.889,-41.500,-73.000
2013-04-01,Punta Arenas,7.775,10.316,5.638,4.678,-53.250,-71.000
2013-05-01,Arica,17.570,20.957,15.463,5.494,-18.500,-70.250
2013-05-01,Antofagasta,15.402,16.497,14.477,2.020,-23.750,-70.500
2013-05-01,La Serena,13.950,17.540,11.444,6.096,-30.000,-71.250
2013-05-01,Santiago,11.795,18.223,5.846,12.377,-33.500,-70.750
2013-05-01,Concepción,11.356,14.975,8.628,6.347,-36.750,-73.000
2013-05-01,Temuco,10.195,13.883,7.200,6.682,-38.750,-72.500
2013-05-01,Valdivia,11.065,13.181,9.198,3.983,-39.750,-73.250
2013-05-01,Puerto Montt,10.640,12.653,8.856,3.797,-41.500,-73.000
2013-05-01,Punta Arenas,4.171,6.076,2.343,3.734,-53.250,-71.000
2013-06-01,Arica,16.166,19.404,13.875,5.529,-18.500,-70.250
2013-06-01,Antofagasta,14.401,15.571,13.438,2.133,-23.750,-70.500
2013-06-01,La Serena,12.087,14.986,9.803,5.183,-30.000,-71.250
2013-06-01,Santiago,9.661,16.964,4.005,12.960,-33.500,-70.750
2013-06-01,Concepción,9.303,13.133,6.304,6.829,-36.750,-73.000
2013-06-01,Temuco,7.634,11.132,4.693,6.439,-38.750,-72.500
2013-06-01,Valdivia,8.835,11.195,6.632,4.563,-39.750,-73.250
2013-06-01,Puerto Montt,8.575,10.815,6.546,4.269,-41.500,-73.000
2013-06-01,Punta Arenas,2.795,4.552,0.665,3.887,-53.250,-71.000
2013-07-01,Arica,15.316,18.503,13.222,5.281,-18.500,-70.250
2013-07-01,Antofagasta,13.503,14.667,12.488,2.180,-23.750,-70.500
2013-07-01,La Serena,11.281,15.365,8.046,7.319,-30.000,-71.250
2013-07-01,Santiago,9.138,15.622,3.828,11.794,-33.500,-70.750
2013-07-01,Concepción,8.787,12.376,5.988,6.388,-36.750,-73.000
2013-07-01,Temuco,7.437,11.229,4.569,6.660,-38.750,-72.500
2013-07-01,Valdivia,7.811,10.550,5.391,5.159,-39.750,-73.250
2013-07-01,Puerto Montt,7.496,9.939,5.287,4.652,-41.500,-73.000
2013-07-01,Punta Arenas,2.984,4.814,1.089,3.725,-53.250,-71.000
2013-08-01,Arica,15.414,18.567,13.515,5.052,-18.500,-70.250
2013-08-01,Antofagasta,13.630,14.845,12.512,2.334,-23.750,-70.500
2013-08-01,La Serena,12.503,17.150,8.932,8.218,-30.000,-71.250
2013-08-01,Santiago,10.191,17.007,4.080,12.927,-33.500,-70.750
2013-08-01,Concepción,8.837,12.991,5.681,7.309,-36.750,-73.000
2013-08-01,Temuco,7.288,11.726,3.623,8.103,-38.750,-72.500
2013-08-01,Valdivia,7.858,10.541,5.378,5.163,-39.750,-73.250
2013-08-01,Puerto Montt,7.488,10.183,5.201,4.982,-41.500,-73.000
2013-08-01,Punta Arenas,1.056,3.254,-0.834,4.087,-53.250,-71.000
2013-09-01,Arica,16.390,19.803,14.303,5.500,-18.500,-70.250
2013-09-01,Antofagasta,14.107,15.274,13.045,2.229,-23.750,-70.500
2013-09-01,La Serena,13.723,18.958,10.054,8.904,-30.000,-71.250
2013-09-01,Santiago,11.958,17.903,6.454,11.449,-33.500,-70.750
2013-09-01,Concepción,10.261,14.599,6.639,7.960,-36.750,-73.000
2013-09-01,Temuco,9.144,14.392,4.730,9.662,-38.750,-72.500
2013-09-01,Valdivia,9.019,12.467,6.032,6.435,-39.750,-73.250
2013-09-01,Puerto Montt,8.527,12.065,5.359,6.706,-41.500,-73.000
2013-09-01,Punta Arenas,3.505,6.330,1.133,5.197,-53.250,-71.000
2013-10-01,Arica,16.956,20.405,14.949,5.456,-18.500,-70.250
2013-10-01,Antofagasta,14.101,15.186,13.039,2.147,-23.750,-70.500
2013-10-01,La Serena,14.116,18.191,11.136,7.055,-30.000,-71.250
2013-10-01,Santiago,15.270,22.108,9.111,12.997,-33.500,-70.750
2013-10-01,Concepción,12.040,17.085,7.918,9.167,-36.750,-73.000
2013-10-01,Temuco,11.216,17.216,6.693,10.523,-38.750,-72.500
2013-10-01,Valdivia,10.903,14.629,7.825,6.804,-39.750,-73.250
2013-10-01,Puerto Montt,10.362,13.741,7.609,6.132,-41.500,-73.000
2013-10-01,Punta Arenas,5.993,8.670,3.407,5.263,-53.250,-71.000
2013-11-01,Arica,18.391,22.149,15.842,6.307,-18.500,-70.250
2013-11-01,Antofagasta,15.370,16.334,14.363,1.971,-23.750,-70.500
2013-11-01,La Serena,16.068,20.547,12.777,7.770,-30.000,-71.250
2013-11-01,Santiago,17.576,24.990,11.033,13.957,-33.500,-70.750
2013-11-01,Concepción,14.403,19.673,9.745,9.928,-36.750,-73.000
2013-11-01,Temuco,12.340,18.351,7.249,11.102,-38.750,-72.500
2013-11-01,Valdivia,12.181,15.774,9.067,6.707,-39.750,-73.250
2013-11-01,Puerto Montt,11.543,14.733,8.778,5.956,-41.500,-73.000
2013-11-01,Punta Arenas,6.133,8.804,3.722,5.082,-53.250,-71.000
2013-12-01,Arica,20.695,24.392,17.990,6.402,-18.500,-70.250
2013-12-01,Antofagasta,17.384,18.294,16.418,1.876,-23.750,-70.500
2013-12-01,La Serena,17.677,21.673,14.760,6.914,-30.000,-71.250
2013-12-01,Santiago,20.628,27.636,14.535,13.101,-33.500,-70.750
2013-12-01,Concepción,17.334,23.622,11.445,12.177,-36.750,-73.000
2013-12-01,Temuco,15.914,23.441,9.032,14.410,-38.750,-72.500
2013-12-01,Valdivia,15.582,20.126,11.249,8.877,-39.750,-73.250
2013-12-01,Puerto Montt,14.053,17.834,10.717,7.117,-41.500,-73.000
2013-12-01,Punta Arenas,7.475,9.751,5.231,4.520,-53.250,-71.000
2014-01-01,Arica,22.571,26.273,19.700,6.573,-18.500,-70.250
2014-01-01,Antofagasta,19.508,20.327,18.539,1.788,-23.750,-70.500
2014-01-01,La Serena,19.534,23.479,16.528,6.951,-30.000,-71.250
2014-01-01,Santiago,21.694,28.645,15.854,12.791,-33.500,-70.750
2014-01-01,Concepción,18.380,24.474,12.805,11.669,-36.750,-73.000
2014-01-01,Temuco,16.422,23.590,9.964,13.626,-38.750,-72.500
2014-01-01,Valdivia,15.746,20.158,11.738,8.420,-39.750,-73.250
2014-01-01,Puerto Montt,14.608,18.285,11.372,6.913,-41.500,-73.000
2014-01-01,Punta Arenas,7.838,10.320,5.725,4.595,-53.250,-71.000
2014-02-01,Arica,21.499,25.513,18.224,7.289,-18.500,-70.250
2014-02-01,Antofagasta,18.653,19.668,17.525,2.143,-23.750,-70.500
2014-02-01,La Serena,18.581,22.622,15.590,7.033,-30.000,-71.250
2014-02-01,Santiago,20.269,27.668,14.342,13.326,-33.500,-70.750
2014-02-01,Concepción,16.822,22.843,11.902,10.942,-36.750,-73.000
2014-02-01,Temuco,15.916,23.026,9.829,13.197,-38.750,-72.500
2014-02-01,Valdivia,15.780,20.208,11.873,8.335,-39.750,-73.250
2014-02-01,Puerto Montt,14.415,18.088,11.275,6.813,-41.500,-73.000
2014-02-01,Punta Arenas,8.829,11.317,6.614,4.703,-53.250,-71.000
2014-03-01,Arica,21.113,25.091,18.195,6.895,-18.500,-70.250
2014-03-01,Antofagasta,17.903,18.803,16.940,1.862,-23.750,-70.500
2014-03-01,La Serena,16.733,20.743,14.029,6.714,-30.000,-71.250
2014-03-01,Santiago,19.245,26.693,13.274,13.420,-33.500,-70.750
2014-03-01,Concepción,14.975,20.667,10.713,9.954,-36.750,-73.000
2014-03-01,Temuco,13.506,19.922,8.505,11.417,-38.750,-72.500
2014-03-01,Valdivia,13.177,17.225,9.775,7.450,-39.750,-73.250
2014-03-01,Puerto Montt,12.189,15.443,9.479,5.964,-41.500,-73.000
2014-03-01,Punta Arenas,7.276,9.925,4.950,4.975,-53.250,-71.000
2014-04-01,Arica,19.755,23.329,17.678,5.651,-18.500,-70.250
2014-04-01,Antofagasta,16.451,17.355,15.613,1.743,-23.750,-70.500
2014-04-01,La Serena,14.988,18.863,12.308,6.555,-30.000,-71.250
2014-04-01,Santiago,15.358,22.744,8.846,13.898,-33.500,-70.750
2014-04-01,Concepción,12.101,17.116,8.334,8.782,-36.750,-73.000
2014-04-01,Temuco,10.562,16.087,6.502,9.585,-38.750,-72.500
2014-04-01,Valdivia,11.077,14.578,8.233,6.345,-39.750,-73.250
2014-04-01,Puerto Montt,10.737,14.154,7.965,6.189,-41.500,-73.000
2014-04-01,Punta Arenas,6.294,8.722,3.954,4.768,-53.250,-71.000
2014-05-01,Arica,18.184,21.787,15.895,5.893,-18.500,-70.250
2014-05-01,Antofagasta,15.538,16.548,14.549,1.999,-23.750,-70.500
2014-05-01,La Serena,13.809,17.728,11.116,6.612,-30.000,-71.250
2014-05-01,Santiago,12.284,18.727,6.715,12.012,-33.500,-70.750
2014-05-01,Concepción,11.487,14.559,9.113,5.446,-36.750,-73.000
2014-05-01,Temuco,10.701,14.210,7.665,6.545,-38.750,-72.500
2014-05-01,Valdivia,10.579,12.762,8.484,4.278,-39.750,-73.250
2014-05-01,Puerto Montt,10.103,12.533,8.029,4.504,-41.500,-73.000
2014-05-01,Punta Arenas,4.216,6.492,2.107,4.385,-53.250,-71.000
2014-06-01,Arica,16.412,19.432,14.386,5.046,-18.500,-70.250
2014-06-01,Antofagasta,14.277,15.430,13.204,2.226,-23.750,-70.500
2014-06-01,La Serena,11.657,15.418,8.611,6.807,-30.000,-71.250
2014-06-01,Santiago,8.287,14.554,3.226,11.328,-33.500,-70.750
2014-06-01,Concepción,9.614,12.634,7.258,5.376,-36.750,-73.000
2014-06-01,Temuco,7.646,11.091,5.169,5.922,-38.750,-72.500
2014-06-01,Valdivia,8.462,10.630,6.669,3.961,-39.750,-73.250
2014-06-01,Puerto Montt,7.920,10.031,6.043,3.988,-41.500,-73.000
2014-06-01,Punta Arenas,2.282,4.390,0.170,4.220,-53.250,-71.000
2014-07-01,Arica,15.448,18.534,13.467,5.067,-18.500,-70.250
2014-07-01,Antofagasta,13.634,14.929,12.534,2.395,-23.750,-70.500
2014-07-01,La Serena,11.829,16.008,8.857,7.151,-30.000,-71.250
2014-07-01,Santiago,9.003,15.183,4.285,10.898,-33.500,-70.750
2014-07-01,Concepción,9.202,12.141,6.691,5.451,-36.750,-73.000
2014-07-01,Temuco,7.991,11.424,5.478,5.946,-38.750,-72.500
2014-07-01,Valdivia,8.496,10.662,6.614,4.048,-39.750,-73.250
2014-07-01,Puerto Montt,7.900,10.154,5.946,4.208,-41.500,-73.000
2014-07-01,Punta Arenas,1.577,3.707,-0.523,4.230,-53.250,-71.000
2014-08-01,Arica,15.916,19.064,13.995,5.069,-18.500,-70.250
2014-08-01,Antofagasta,13.901,15.099,12.826,2.273,-23.750,-70.500
2014-08-01,La Serena,13.051,17.847,9.662,8.185,-30.000,-71.250
2014-08-01,Santiago,10.814,17.971,5.170,12.801,-33.500,-70.750
2014-08-01,Concepción,10.099,13.427,7.291,6.136,-36.750,-73.000
2014-08-01,Temuco,9.167,13.319,5.830,7.489,-38.750,-72.500
2014-08-01,Valdivia,9.167,11.880,6.868,5.012,-39.750,-73.250
2014-08-01,Puerto Montt,9.027,12.051,6.617,5.434,-41.500,-73.000
2014-08-01,Punta Arenas,2.893,4.715,1.011,3.704,-53.250,-71.000
2014-09-01,Arica,16.341,19.415,14.638,4.777,-18.500,-70.250
2014-09-01,Antofagasta,14.239,15.406,13.116,2.290,-23.750,-70.500
2014-09-01,La Serena,13.385,17.467,10.458,7.009,-30.000,-71.250
2014-09-01,Santiago,12.122,17.421,7.669,9.752,-33.500,-70.750
2014-09-01,Concepción,10.956,14.292,8.220,6.072,-36.750,-73.000
2014-09-01,Temuco,9.782,14.144,6.297,7.847,-38.750,-72.500
2014-09-01,Valdivia,9.644,12.249,7.277,4.973,-39.750,-73.250
2014-09-01,Puerto Montt,9.283,12.154,6.891,5.263,-41.500,-73.000
2014-09-01,Punta Arenas,4.281,6.588,2.192,4.395,-53.250,-71.000
2014-10-01,Arica,17.838,21.179,15.779,5.400,-18.500,-70.250
2014-10-01,Antofagasta,14.742,15.691,13.814,1.877,-23.750,-70.500
2014-10-01,La Serena,15.527,20.211,12.468,7.743,-30.000,-71.250
2014-10-01,Santiago,16.629,23.072,10.781,12.292,-33.500,-70.750
2014-10-01,Concepción,13.224,18.205,9.040,9.166,-36.750,-73.000
2014-10-01,Temuco,11.446,17.132,6.586,10.545,-38.750,-72.500
2014-10-01,Valdivia,11.197,14.598,8.207,6.391,-39.750,-73.250
2014-10-01,Puerto Montt,10.569,13.949,7.599,6.350,-41.500,-73.000
2014-10-01,Punta Arenas,5.425,8.191,3.019,5.172,-53.250,-71.000
2014-11-01,Arica,19.211,22.849,16.768,6.081,-18.500,-70.250
2014-11-01,Antofagasta,15.464,16.446,14.448,1.998,-23.750,-70.500
2014-11-01,La Serena,15.953,20.398,12.720,7.678,-30.000,-71.250
2014-11-01,Santiago,17.515,24.366,10.742,13.625,-33.500,-70.750
2014-11-01,Concepción,14.496,20.036,9.285,10.750,-36.750,-73.000
2014-11-01,Temuco,12.248,17.923,6.991,10.933,-38.750,-72.500
2014-11-01,Valdivia,12.276,15.551,9.062,6.489,-39.750,-73.250
2014-11-01,Puerto Montt,11.804,15.046,8.875,6.171,-41.500,-73.000
2014-11-01,Punta Arenas,6.506,9.075,4.272,4.802,-53.250,-71.000
2014-12-01,Arica,20.114,23.826,17.695,6.131,-18.500,-70.250
2014-12-01,Antofagasta,16.549,17.529,15.458,2.071,-23.750,-70.500
2014-12-01,La Serena,17.038,21.263,14.012,7.251,-30.000,-71.250
2014-12-01,Santiago,19.508,26.885,12.977,13.908,-33.500,-70.750
2014-12-01,Concepción,16.279,21.788,11.087,10.701,-36.750,-73.000
2014-12-01,Temuco,14.762,21.311,8.608,12.703,-38.750,-72.500
2014-12-01,Valdivia,14.129,17.842,10.502,7.339,-39.750,-73.250
2014-12-01,Puerto Montt,13.391,16.811,10.116,6.695,-41.500,-73.000
2014-12-01,Punta Arenas,8.017,10.500,5.664,4.835,-53.250,-71.000
2015-01-01,Arica,21.496,25.047,19.020,6.027,-18.500,-70.250
2015-01-01,Antofagasta,18.391,19.283,17.404,1.879,-23.750,-70.500
2015-01-01,La Serena,18.412,22.142,15.860,6.282,-30.000,-71.250
2015-01-01,Santiago,22.193,29.791,16.194,13.597,-33.500,-70.750
2015-01-01,Concepción,18.577,25.070,12.572,12.498,-36.750,-73.000
2015-01-01,Temuco,17.348,25.326,10.178,15.147,-38.750,-72.500
2015-01-01,Valdivia,16.560,21.364,12.113,9.251,-39.750,-73.250
2015-01-01,Puerto Montt,15.342,19.295,11.771,7.524,-41.500,-73.000
2015-01-01,Punta Arenas,8.957,11.654,6.482,5.172,-53.250,-71.000
2015-02-01,Arica,23.092,26.306,20.813,5.493,-18.500,-70.250
2015-02-01,Antofagasta,19.408,20.192,18.552,1.639,-23.750,-70.500
2015-02-01,La Serena,18.954,22.933,16.246,6.688,-30.000,-71.250
2015-02-01,Santiago,21.445,28.616,15.813,12.803,-33.500,-70.750
2015-02-01,Concepción,17.793,24.286,12.231,12.056,-36.750,-73.000
2015-02-01,Temuco,16.842,25.082,9.935,15.147,-38.750,-72.500
2015-02-01,Valdivia,15.926,20.687,11.684,9.003,-39.750,-73.250
2015-02-01,Puerto Montt,14.533,18.604,11.102,7.502,-41.500,-73.000
2015-02-01,Punta Arenas,8.944,11.429,6.724,4.706,-53.250,-71.000
2015-03-01,Arica,22.881,26.293,20.438,5.856,-18.500,-70.250
2015-03-01,Antofagasta,19.231,20.057,18.415,1.642,-23.750,-70.500
2015-03-01,La Serena,18.946,22.586,16.404,6.182,-30.000,-71.250
2015-03-01,Santiago,21.224,28.689,15.362,13.326,-33.500,-70.750
2015-03-01,Concepción,17.261,23.727,11.878,11.848,-36.750,-73.000
2015-03-01,Temuco,16.323,24.557,9.348,15.209,-38.750,-72.500
2015-03-01,Valdivia,14.912,19.822,10.538,9.284,-39.750,-73.250
2015-03-01,Puerto Montt,14.131,18.671,10.463,8.208,-41.500,-73.000
2015-03-01,Punta Arenas,8.469,11.026,6.181,4.846,-53.250,-71.000
2015-04-01,Arica,21.322,24.976,19.073,5.903,-18.500,-70.250
2015-04-01,Antofagasta,17.679,18.563,16.850,1.714,-23.750,-70.500
2015-04-01,La Serena,16.544,19.694,14.464,5.230,-30.000,-71.250
2015-04-01,Santiago,17.586,25.227,10.600,14.627,-33.500,-70.750
2015-04-01,Concepción,14.055,19.657,9.548,10.108,-36.750,-73.000
2015-04-01,Temuco,12.526,17.965,8.530,9.435,-38.750,-72.500
2015-04-01,Valdivia,12.545,16.075,9.738,6.336,-39.750,-73.250
2015-04-01,Puerto Montt,11.964,15.271,9.333,5.938,-41.500,-73.000
2015-04-01,Punta Arenas,6.174,8.823,3.908,4.915,-53.250,-71.000
2015-05-01,Arica,19.556,22.772,17.550,5.222,-18.500,-70.250
2015-05-01,Antofagasta,16.397,17.395,15.559,1.836,-23.750,-70.500
2015-05-01,La Serena,14.536,18.348,12.087,6.261,-30.000,-71.250
2015-05-01,Santiago,12.971,20.144,6.470,13.674,-33.500,-70.750
2015-05-01,Concepción,11.220,15.377,7.986,7.390,-36.750,-73.000
2015-05-01,Temuco,10.453,14.704,7.147,7.556,-38.750,-72.500
2015-05-01,Valdivia,11.106,13.520,9.058,4.462,-39.750,-73.250
2015-05-01,Puerto Montt,11.028,13.276,9.241,4.034,-41.500,-73.000
2015-05-01,Punta Arenas,4.173,5.952,2.244,3.708,-53.250,-71.000
2015-06-01,Arica,17.967,21.145,16.111,5.033,-18.500,-70.250
2015-06-01,Antofagasta,15.330,16.451,14.352,2.099,-23.750,-70.500
2015-06-01,La Serena,13.082,18.052,9.393,8.659,-30.000,-71.250
2015-06-01,Santiago,10.229,17.771,3.660,14.111,-33.500,-70.750
2015-06-01,Concepción,10.244,13.669,7.348,6.321,-36.750,-73.000
2015-06-01,Temuco,8.722,12.215,5.772,6.443,-38.750,-72.500
2015-06-01,Valdivia,9.245,11.518,7.273,4.245,-39.750,-73.250
2015-06-01,Puerto Montt,8.629,10.631,6.695,3.937,-41.500,-73.000
2015-06-01,Punta Arenas,2.064,3.914,0.294,3.620,-53.250,-71.000
2015-07-01,Arica,16.561,19.648,14.675,4.973,-18.500,-70.250
2015-07-01,Antofagasta,14.641,15.845,13.570,2.275,-23.750,-70.500
2015-07-01,La Serena,12.074,16.387,8.839,7.549,-30.000,-71.250
2015-07-01,Santiago,9.165,15.413,3.972,11.441,-33.500,-70.750
2015-07-01,Concepción,9.489,12.260,7.166,5.094,-36.750,-73.000
2015-07-01,Temuco,8.117,11.167,5.571,5.596,-38.750,-72.500
2015-07-01,Valdivia,8.706,10.753,6.700,4.053,-39.750,-73.250
2015-07-01,Puerto Montt,8.015,10.056,6.316,3.740,-41.500,-73.000
2015-07-01,Punta Arenas,1.287,2.917,-0.613,3.531,-53.250,-71.000
2015-08-01,Arica,16.526,19.848,14.653,5.195,-18.500,-70.250
2015-08-01,Antofagasta,14.575,15.978,13.539,2.439,-23.750,-70.500
2015-08-01,La Serena,13.393,17.108,10.464,6.644,-30.000,-71.250
2015-08-01,Santiago,11.591,17.041,6.868,10.173,-33.500,-70.750
2015-08-01,Concepción,10.410,13.611,7.722,5.888,-36.750,-73.000
2015-08-01,Temuco,9.416,13.248,6.430,6.818,-38.750,-72.500
2015-08-01,Valdivia,9.244,11.572,7.156,4.416,-39.750,-73.250
2015-08-01,Puerto Montt,8.248,10.731,6.293,4.438,-41.500,-73.000
2015-08-01,Punta Arenas,1.875,3.752,-0.156,3.909,-53.250,-71.000
2015-09-01,Arica,17.692,21.062,15.784,5.278,-18.500,-70.250
2015-09-01,Antofagasta,15.387,16.556,14.217,2.339,-23.750,-70.500
2015-09-01,La Serena,14.474,18.307,11.647,6.660,-30.000,-71.250
2015-09-01,Santiago,12.951,18.824,7.584,11.241,-33.500,-70.750
2015-09-01,Concepción,10.515,14.915,6.937,7.978,-36.750,-73.000
2015-09-01,Temuco,8.692,13.986,4.404,9.582,-38.750,-72.500
2015-09-01,Valdivia,8.957,12.439,6.089,6.350,-39.750,-73.250
2015-09-01,Puerto Montt,8.238,11.328,5.693,5.635,-41.500,-73.000
2015-09-01,Punta Arenas,2.616,4.660,0.691,3.969,-53.250,-71.000
2015-10-01,Arica,18.295,21.557,16.401,5.156,-18.500,-70.250
2015-10-01,Antofagasta,15.532,16.641,14.385,2.256,-23.750,-70.500
2015-10-01,La Serena,15.031,19.060,12.017,7.043,-30.000,-71.250
2015-10-01,Santiago,13.873,19.217,8.949,10.269,-33.500,-70.750
2015-10-01,Concepción,12.185,16.652,8.169,8.484,-36.750,-73.000
2015-10-01,Temuco,11.232,16.683,6.231,10.451,-38.750,-72.500
2015-10-01,Valdivia,10.922,14.747,7.411,7.336,-39.750,-73.250
2015-10-01,Puerto Montt,10.106,13.974,6.701,7.273,-41.500,-73.000
2015-10-01,Punta Arenas,5.728,8.600,3.052,5.548,-53.250,-71.000
2015-11-01,Arica,19.116,22.516,17.036,5.480,-18.500,-70.250
2015-11-01,Antofagasta,15.949,17.017,14.778,2.239,-23.750,-70.500
2015-11-01,La Serena,16.417,20.680,13.061,7.620,-30.000,-71.250
2015-11-01,Santiago,16.945,22.736,11.533,11.203,-33.500,-70.750
2015-11-01,Concepción,14.416,19.360,9.934,9.426,-36.750,-73.000
2015-11-01,Temuco,12.868,18.635,7.538,11.098,-38.750,-72.500
2015-11-01,Valdivia,12.558,16.107,9.292,6.815,-39.750,-73.250
2015-11-01,Puerto Montt,11.868,15.075,8.975,6.100,-41.500,-73.000
2015-11-01,Punta Arenas,6.816,9.345,4.443,4.902,-53.250,-71.000
2015-12-01,Arica,21.054,24.666,18.767,5.899,-18.500,-70.250
2015-12-01,Antofagasta,17.524,18.483,16.386,2.097,-23.750,-70.500
2015-12-01,La Serena,18.387,22.603,15.143,7.460,-30.000,-71.250
2015-12-01,Santiago,20.752,28.112,14.159,13.953,-33.500,-70.750
2015-12-01,Concepción,16.950,22.643,11.444,11.199,-36.750,-73.000
2015-12-01,Temuco,14.946,21.379,8.660,12.720,-38.750,-72.500
2015-12-01,Valdivia,14.401,18.277,10.459,7.819,-39.750,-73.250
2015-12-01,Puerto Montt,13.804,17.393,10.399,6.994,-41.500,-73.000
2015-12-01,Punta Arenas,7.567,10.358,4.771,5.588,-53.250,-71.000
2016-01-01,Arica,22.578,26.220,20.080,6.140,-18.500,-70.250
2016-01-01,Antofagasta,19.222,20.162,18.154,2.009,-23.750,-70.500
2016-01-01,La Serena,20.200,24.193,17.028,7.165,-30.000,-71.250
2016-01-01,Santiago,22.064,28.819,16.589,12.231,-33.500,-70.750
2016-01-01,Concepción,18.879,24.159,13.947,10.212,-36.750,-73.000
2016-01-01,Temuco,18.441,25.893,11.717,14.176,-38.750,-72.500
2016-01-01,Valdivia,17.351,21.818,13.250,8.568,-39.750,-73.250
2016-01-01,Puerto Montt,15.848,19.988,12.297,7.692,-41.500,-73.000
2016-01-01,Punta Arenas,9.603,12.602,6.753,5.850,-53.250,-71.000
2016-02-01,Arica,23.602,27.223,21.139,6.084,-18.500,-70.250
2016-02-01,Antofagasta,19.862,20.737,18.940,1.796,-23.750,-70.500
2016-02-01,La Serena,19.879,23.864,16.877,6.987,-30.000,-71.250
2016-02-01,Santiago,22.595,30.269,16.527,13.742,-33.500,-70.750
2016-02-01,Concepción,18.107,24.256,12.776,11.480,-36.750,-73.000
2016-02-01,Temuco,16.881,24.541,10.650,13.891,-38.750,-72.500
2016-02-01,Valdivia,15.980,20.335,12.122,8.213,-39.750,-73.250
2016-02-01,Puerto Montt,15.154,18.843,11.898,6.946,-41.500,-73.000
2016-02-01,Punta Arenas,9.107,12.202,6.581,5.621,-53.250,-71.000
2016-03-01,Arica,22.967,26.835,20.247,6.589,-18.500,-70.250
2016-03-01,Antofagasta,19.008,19.919,18.087,1.832,-23.750,-70.500
2016-03-01,La Serena,17.974,21.515,15.577,5.939,-30.000,-71.250
2016-03-01,Santiago,20.500,27.702,14.723,12.979,-33.500,-70.750
2016-03-01,Concepción,16.428,22.834,11.476,11.358,-36.750,-73.000
2016-03-01,Temuco,15.455,24.071,9.070,15.001,-38.750,-72.500
2016-03-01,Valdivia,14.711,19.981,10.737,9.244,-39.750,-73.250
2016-03-01,Puerto Montt,13.676,17.655,10.571,7.085,-41.500,-73.000
2016-03-01,Punta Arenas,9.395,12.446,6.858,5.588,-53.250,-71.000
2016-04-01,Arica,20.453,24.001,18.150,5.851,-18.500,-70.250
2016-04-01,Antofagasta,17.064,18.009,16.198,1.810,-23.750,-70.500
2016-04-01,La Serena,16.694,20.514,14.152,6.362,-30.000,-71.250
2016-04-01,Santiago,15.090,20.425,10.902,9.523,-33.500,-70.750
2016-04-01,Concepción,12.497,17.079,8.666,8.413,-36.750,-73.000
2016-04-01,Temuco,10.940,17.075,6.078,10.997,-38.750,-72.500
2016-04-01,Valdivia,11.023,15.080,7.654,7.426,-39.750,-73.250
2016-04-01,Puerto Montt,10.594,14.459,7.364,7.095,-41.500,-73.000
2016-04-01,Punta Arenas,4.930,7.698,2.826,4.872,-53.250,-71.000
2016-05-01,Arica,18.694,22.162,16.442,5.720,-18.500,-70.250
2016-05-01,Antofagasta,16.547,17.573,15.662,1.911,-23.750,-70.500
2016-05-01,La Serena,15.175,18.360,13.135,5.224,-30.000,-71.250
2016-05-01,Santiago,13.280,18.239,8.547,9.692,-33.500,-70.750
2016-05-01,Concepción,12.506,15.536,10.177,5.360,-36.750,-73.000
2016-05-01,Temuco,11.214,15.959,7.539,8.420,-38.750,-72.500
2016-05-01,Valdivia,11.074,14.474,8.472,6.002,-39.750,-73.250
2016-05-01,Puerto Montt,10.930,14.370,8.495,5.875,-41.500,-73.000
2016-05-01,Punta Arenas,3.796,5.926,1.881,4.045,-53.250,-71.000
2016-06-01,Arica,17.192,20.497,15.071,5.426,-18.500,-70.250
2016-06-01,Antofagasta,15.175,16.625,14.019,2.606,-23.750,-70.500
2016-06-01,La Serena,12.938,16.818,9.773,7.045,-30.000,-71.250
2016-06-01,Santiago,8.914,16.031,3.486,12.545,-33.500,-70.750
2016-06-01,Concepción,8.608,12.807,5.415,7.392,-36.750,-73.000
2016-06-01,Temuco,6.645,11.691,3.059,8.632,-38.750,-72.500
2016-06-01,Valdivia,7.815,11.304,5.238,6.066,-39.750,-73.250
2016-06-01,Puerto Montt,7.860,10.779,5.570,5.209,-41.500,-73.000
2016-06-01,Punta Arenas,4.826,6.471,3.137,3.334,-53.250,-71.000
2016-07-01,Arica,16.528,19.763,14.535,5.228,-18.500,-70.250
2016-07-01,Antofagasta,14.430,15.928,13.233,2.695,-23.750,-70.500
2016-07-01,La Serena,12.532,16.243,9.609,6.634,-30.000,-71.250
2016-07-01,Santiago,9.725,15.664,4.828,10.836,-33.500,-70.750
2016-07-01,Concepción,9.366,12.291,7.055,5.237,-36.750,-73.000
2016-07-01,Temuco,7.934,11.766,5.166,6.600,-38.750,-72.500
2016-07-01,Valdivia,7.833,10.403,5.955,4.448,-39.750,-73.250
2016-07-01,Puerto Montt,7.906,10.510,5.982,4.529,-41.500,-73.000
2016-07-01,Punta Arenas,2.402,4.425,0.652,3.773,-53.250,-71.000
2016-08-01,Arica,16.704,20.081,14.781,5.299,-18.500,-70.250
2016-08-01,Antofagasta,14.447,15.579,13.403,2.176,-23.750,-70.500
2016-08-01,La Serena,13.510,18.155,9.993,8.161,-30.000,-71.250
2016-08-01,Santiago,11.696,18.555,5.679,12.877,-33.500,-70.750
2016-08-01,Concepción,10.470,13.935,7.339,6.596,-36.750,-73.000
2016-08-01,Temuco,9.034,13.067,5.654,7.412,-38.750,-72.500
2016-08-01,Valdivia,9.309,11.660,7.168,4.493,-39.750,-73.250
2016-08-01,Puerto Montt,8.971,11.494,6.788,4.706,-41.500,-73.000
2016-08-01,Punta Arenas,2.097,4.473,-0.342,4.815,-53.250,-71.000
2016-09-01,Arica,17.069,21.096,14.657,6.439,-18.500,-70.250
2016-09-01,Antofagasta,14.304,15.329,13.343,1.986,-23.750,-70.500
2016-09-01,La Serena,14.242,18.755,11.173,7.582,-30.000,-71.250
2016-09-01,Santiago,14.365,21.548,7.284,14.264,-33.500,-70.750
2016-09-01,Concepción,12.086,17.290,7.598,9.692,-36.750,-73.000
2016-09-01,Temuco,10.846,17.210,5.542,11.668,-38.750,-72.500
2016-09-01,Valdivia,10.428,14.544,7.027,7.516,-39.750,-73.250
2016-09-01,Puerto Montt,9.789,13.607,6.584,7.023,-41.500,-73.000
2016-09-01,Punta Arenas,5.861,8.916,3.223,5.693,-53.250,-71.000
2016-10-01,Arica,18.007,21.903,15.722,6.181,-18.500,-70.250
2016-10-01,Antofagasta,15.192,16.291,14.101,2.190,-23.750,-70.500
2016-10-01,La Serena,16.163,20.995,12.508,8.487,-30.000,-71.250
2016-10-01,Santiago,16.016,21.401,10.811,10.590,-33.500,-70.750
2016-10-01,Concepción,13.068,17.750,8.925,8.825,-36.750,-73.000
2016-10-01,Temuco,11.715,17.354,6.627,10.727,-38.750,-72.500
2016-10-01,Valdivia,11.469,15.083,8.044,7.039,-39.750,-73.250
2016-10-01,Puerto Montt,10.992,14.537,7.544,6.993,-41.500,-73.000
2016-10-01,Punta Arenas,6.667,9.646,3.955,5.691,-53.250,-71.000
2016-11-01,Arica,19.445,23.647,16.521,7.125,-18.500,-70.250
2016-11-01,Antofagasta,16.560,17.482,15.423,2.059,-23.750,-70.500
2016-11-01,La Serena,17.654,22.163,14.184,7.978,-30.000,-71.250
2016-11-01,Santiago,19.771,26.836,12.721,14.115,-33.500,-70.750
2016-11-01,Concepción,15.944,21.659,10.692,10.966,-36.750,-73.000
2016-11-01,Temuco,14.249,20.480,8.302,12.178,-38.750,-72.500
2016-11-01,Valdivia,13.339,17.129,9.689,7.439,-39.750,-73.250
2016-11-01,Puerto Montt,12.712,15.904,9.766,6.137,-41.500,-73.000
2016-11-01,Punta Arenas,7.687,10.545,4.915,5.630,-53.250,-71.000
2016-12-01,Arica,20.989,25.048,17.913,7.135,-18.500,-70.250
2016-12-01,Antofagasta,17.784,18.724,16.699,2.024,-23.750,-70.500
2016-12-01,La Serena,18.675,22.867,15.467,7.400,-30.000,-71.250
2016-12-01,Santiago,20.347,27.100,14.484,12.617,-33.500,-70.750
2016-12-01,Concepción,16.863,22.035,11.936,10.099,-36.750,-73.000
2016-12-01,Temuco,15.455,21.629,9.896,11.733,-38.750,-72.500
2016-12-01,Valdivia,14.677,18.084,11.166,6.918,-39.750,-73.250
2016-12-01,Puerto Montt,14.242,17.706,11.089,6.617,-41.500,-73.000
2016-12-01,Punta Arenas,8.480,11.199,5.780,5.419,-53.250,-71.000
2017-01-01,Arica,23.479,26.658,21.199,5.459,-18.500,-70.250
2017-01-01,Antofagasta,20.326,21.115,19.418,1.698,-23.750,-70.500
2017-01-01,La Serena,20.488,24.669,17.325,7.344,-30.000,-71.250
2017-01-01,Santiago,23.495,30.971,17.693,13.277,-33.500,-70.750
2017-01-01,Concepción,19.612,26.534,13.430,13.104,-36.750,-73.000
2017-01-01,Temuco,17.432,24.714,10.690,14.024,-38.750,-72.500
2017-01-01,Valdivia,16.365,20.393,12.525,7.868,-39.750,-73.250
2017-01-01,Puerto Montt,15.270,18.766,11.957,6.809,-41.500,-73.000
2017-01-01,Punta Arenas,9.146,11.938,6.708,5.230,-53.250,-71.000
2017-02-01,Arica,23.924,27.439,21.114,6.325,-18.500,-70.250
2017-02-01,Antofagasta,20.194,21.035,19.211,1.824,-23.750,-70.500
2017-02-01,La Serena,20.348,24.434,17.358,7.076,-30.000,-71.250
2017-02-01,Santiago,21.959,28.727,16.745,11.982,-33.500,-70.750
2017-02-01,Concepción,18.436,24.162,13.537,10.625,-36.750,-73.000
2017-02-01,Temuco,17.663,24.949,11.773,13.176,-38.750,-72.500
2017-02-01,Valdivia,16.732,20.888,13.061,7.827,-39.750,-73.250
2017-02-01,Puerto Montt,15.749,19.396,12.534,6.863,-41.500,-73.000
2017-02-01,Punta Arenas,10.133,13.048,7.464,5.584,-53.250,-71.000
2017-03-01,Arica,22.824,26.562,20.280,6.282,-18.500,-70.250
2017-03-01,Antofagasta,18.897,19.695,18.072,1.623,-23.750,-70.500
2017-03-01,La Serena,18.753,22.804,15.824,6.981,-30.000,-71.250
2017-03-01,Santiago,19.715,26.652,14.010,12.641,-33.500,-70.750
2017-03-01,Concepción,15.925,21.684,11.346,10.337,-36.750,-73.000
2017-03-01,Temuco,14.198,20.867,8.981,11.887,-38.750,-72.500
2017-03-01,Valdivia,14.040,18.144,10.505,7.639,-39.750,-73.250
2017-03-01,Puerto Montt,13.227,16.695,10.447,6.247,-41.500,-73.000
2017-03-01,Punta Arenas,8.787,11.509,6.449,5.059,-53.250,-71.000
2017-04-01,Arica,20.469,24.805,17.594,7.211,-18.500,-70.250
2017-04-01,Antofagasta,16.886,17.807,16.029,1.778,-23.750,-70.500
2017-04-01,La Serena,17.154,21.744,13.849,7.895,-30.000,-71.250
2017-04-01,Santiago,16.248,22.817,10.129,12.688,-33.500,-70.750
2017-04-01,Concepción,13.956,19.092,9.768,9.324,-36.750,-73.000
2017-04-01,Temuco,12.864,18.368,8.614,9.754,-38.750,-72.500
2017-04-01,Valdivia,13.131,16.622,10.298,6.323,-39.750,-73.250
2017-04-01,Puerto Montt,12.748,16.014,10.194,5.820,-41.500,-73.000
2017-04-01,Punta Arenas,6.640,9.166,4.250,4.916,-53.250,-71.000
2017-05-01,Arica,18.892,22.613,16.676,5.937,-18.500,-70.250
2017-05-01,Antofagasta,15.799,16.999,14.808,2.191,-23.750,-70.500
2017-05-01,La Serena,14.375,17.492,11.984,5.508,-30.000,-71.250
2017-05-01,Santiago,11.717,17.224,6.831,10.393,-33.500,-70.750
2017-05-01,Concepción,10.420,14.251,7.147,7.104,-36.750,-73.000
2017-05-01,Temuco,8.963,13.413,5.264,8.149,-38.750,-72.500
2017-05-01,Valdivia,10.162,12.854,7.887,4.967,-39.750,-73.250
2017-05-01,Puerto Montt,9.994,12.635,7.804,4.831,-41.500,-73.000
2017-05-01,Punta Arenas,4.703,6.791,2.652,4.139,-53.250,-71.000
2017-06-01,Arica,17.019,20.294,14.717,5.577,-18.500,-70.250
2017-06-01,Antofagasta,14.848,16.107,13.787,2.320,-23.750,-70.500
2017-06-01,La Serena,13.002,16.469,10.154,6.315,-30.000,-71.250
2017-06-01,Santiago,9.167,15.319,4.138,11.181,-33.500,-70.750
2017-06-01,Concepción,9.557,12.559,6.979,5.580,-36.750,-73.000
2017-06-01,Temuco,7.850,11.285,4.885,6.400,-38.750,-72.500
2017-06-01,Valdivia,8.971,11.134,7.161,3.973,-39.750,-73.250
2017-06-01,Puerto Montt,8.110,10.133,6.357,3.776,-41.500,-73.000
2017-06-01,Punta Arenas,1.415,3.718,-0.749,4.466,-53.250,-71.000
2017-07-01,Arica,16.076,19.276,14.056,5.221,-18.500,-70.250
2017-07-01,Antofagasta,13.873,14.926,12.835,2.091,-23.750,-70.500
2017-07-01,La Serena,12.453,16.240,9.456,6.784,-30.000,-71.250
2017-07-01,Santiago,9.610,16.308,4.309,12.000,-33.500,-70.750
2017-07-01,Concepción,8.614,12.639,5.377,7.262,-36.750,-73.000
2017-07-01,Temuco,6.497,11.070,2.872,8.199,-38.750,-72.500
2017-07-01,Valdivia,7.871,10.655,5.607,5.048,-39.750,-73.250
2017-07-01,Puerto Montt,7.547,10.107,5.421,4.687,-41.500,-73.000
2017-07-01,Punta Arenas,3.598,5.677,1.544,4.134,-53.250,-71.000
2017-08-01,Arica,15.709,19.335,13.720,5.615,-18.500,-70.250
2017-08-01,Antofagasta,13.812,14.955,12.774,2.181,-23.750,-70.500
2017-08-01,La Serena,12.388,16.601,9.271,7.330,-30.000,-71.250
2017-08-01,Santiago,10.049,16.188,4.942,11.246,-33.500,-70.750
2017-08-01,Concepción,8.983,12.123,6.062,6.061,-36.750,-73.000
2017-08-01,Temuco,7.620,11.547,4.415,7.132,-38.750,-72.500
2017-08-01,Valdivia,8.425,10.521,6.570,3.951,-39.750,-73.250
2017-08-01,Puerto Montt,8.031,10.254,6.095,4.159,-41.500,-73.000
2017-08-01,Punta Arenas,3.400,5.614,1.455,4.159,-53.250,-71.000
2017-09-01,Arica,15.800,19.435,13.677,5.758,-18.500,-70.250
2017-09-01,Antofagasta,13.686,14.733,12.618,2.115,-23.750,-70.500
2017-09-01,La Serena,13.772,18.324,10.470,7.853,-30.000,-71.250
2017-09-01,Santiago,12.617,18.378,7.210,11.168,-33.500,-70.750
2017-09-01,Concepción,10.122,14.648,6.186,8.462,-36.750,-73.000
2017-09-01,Temuco,8.633,14.146,3.990,10.156,-38.750,-72.500
2017-09-01,Valdivia,8.702,12.062,5.625,6.438,-39.750,-73.250
2017-09-01,Puerto Montt,8.147,11.289,5.455,5.834,-41.500,-73.000
2017-09-01,Punta Arenas,4.513,7.065,2.044,5.021,-53.250,-71.000
2017-10-01,Arica,16.818,20.553,14.667,5.886,-18.500,-70.250
2017-10-01,Antofagasta,14.144,15.232,12.940,2.292,-23.750,-70.500
2017-10-01,La Serena,15.084,20.138,11.507,8.631,-30.000,-71.250
2017-10-01,Santiago,14.315,20.603,8.300,12.303,-33.500,-70.750
2017-10-01,Concepción,11.862,15.870,8.294,7.576,-36.750,-73.000
2017-10-01,Temuco,10.617,15.156,6.760,8.395,-38.750,-72.500
2017-10-01,Valdivia,10.528,13.258,8.159,5.099,-39.750,-73.250
2017-10-01,Puerto Montt,9.823,12.801,7.546,5.254,-41.500,-73.000
2017-10-01,Punta Arenas,5.798,8.525,3.267,5.258,-53.250,-71.000
2017-11-01,Arica,18.038,22.146,15.423,6.724,-18.500,-70.250
2017-11-01,Antofagasta,15.149,16.075,14.039,2.036,-23.750,-70.500
2017-11-01,La Serena,16.589,20.994,13.355,7.639,-30.000,-71.250
2017-11-01,Santiago,18.270,24.668,12.267,12.401,-33.500,-70.750
2017-11-01,Concepción,14.895,20.349,9.816,10.533,-36.750,-73.000
2017-11-01,Temuco,12.757,18.756,7.491,11.265,-38.750,-72.500
2017-11-01,Valdivia,12.521,16.237,9.014,7.223,-39.750,-73.250
2017-11-01,Puerto Montt,11.804,15.099,8.693,6.406,-41.500,-73.000
2017-11-01,Punta Arenas,7.736,10.614,5.132,5.483,-53.250,-71.000
2017-12-01,Arica,20.085,24.209,17.169,7.039,-18.500,-70.250
2017-12-01,Antofagasta,17.005,17.946,15.875,2.071,-23.750,-70.500
2017-12-01,La Serena,17.776,21.855,14.740,7.116,-30.000,-71.250
2017-12-01,Santiago,21.076,27.830,15.235,12.595,-33.500,-70.750
2017-12-01,Concepción,16.701,22.587,11.518,11.069,-36.750,-73.000
2017-12-01,Temuco,15.294,21.986,9.249,12.737,-38.750,-72.500
2017-12-01,Valdivia,14.293,17.876,10.848,7.028,-39.750,-73.250
2017-12-01,Puerto Montt,13.796,17.031,10.849,6.182,-41.500,-73.000
2017-12-01,Punta Arenas,7.883,10.749,5.327,5.422,-53.250,-71.000
2018-01-01,Arica,21.709,25.725,18.803,6.922,-18.500,-70.250
2018-01-01,Antofagasta,18.664,19.539,17.551,1.988,-23.750,-70.500
2018-01-01,La Serena,18.797,22.806,15.956,6.850,-30.000,-71.250
2018-01-01,Santiago,21.507,28.364,16.093,12.270,-33.500,-70.750
2018-01-01,Concepción,18.220,24.752,12.616,12.137,-36.750,-73.000
2018-01-01,Temuco,16.624,23.994,10.406,13.588,-38.750,-72.500
2018-01-01,Valdivia,15.753,20.150,11.846,8.304,-39.750,-73.250
2018-01-01,Puerto Montt,14.427,17.890,11.431,6.458,-41.500,-73.000
2018-01-01,Punta Arenas,10.080,12.666,7.692,4.974,-53.250,-71.000
2018-02-01,Arica,22.592,26.094,19.959,6.134,-18.500,-70.250
2018-02-01,Antofagasta,19.219,20.007,18.220,1.787,-23.750,-70.500
2018-02-01,La Serena,18.964,22.637,16.365,6.271,-30.000,-71.250
2018-02-01,Santiago,21.326,28.261,15.820,12.441,-33.500,-70.750
2018-02-01,Concepción,17.946,24.392,12.781,11.611,-36.750,-73.000
2018-02-01,Temuco,17.203,25.386,10.651,14.735,-38.750,-72.500
2018-02-01,Valdivia,16.310,21.068,12.249,8.819,-39.750,-73.250
2018-02-01,Puerto Montt,15.211,19.275,11.871,7.403,-41.500,-73.000
2018-02-01,Punta Arenas,10.116,12.891,7.656,5.235,-53.250,-71.000
2018-03-01,Arica,21.824,25.940,19.190,6.750,-18.500,-70.250
2018-03-01,Antofagasta,17.750,18.657,16.711,1.946,-23.750,-70.500
2018-03-01,La Serena,17.762,22.115,14.753,7.362,-30.000,-71.250
2018-03-01,Santiago,19.333,26.685,13.227,13.459,-33.500,-70.750
2018-03-01,Concepción,15.298,21.178,10.471,10.708,-36.750,-73.000
2018-03-01,Temuco,13.715,20.465,8.520,11.945,-38.750,-72.500
2018-03-01,Valdivia,13.621,17.236,10.602,6.635,-39.750,-73.250
2018-03-01,Puerto Montt,12.906,16.262,10.003,6.259,-41.500,-73.000
2018-03-01,Punta Arenas,7.477,10.174,5.033,5.141,-53.250,-71.000
2018-04-01,Arica,20.309,24.437,17.625,6.813,-18.500,-70.250
2018-04-01,Antofagasta,16.395,17.253,15.606,1.647,-23.750,-70.500
2018-04-01,La Serena,15.940,19.612,13.693,5.918,-30.000,-71.250
2018-04-01,Santiago,16.689,23.178,10.966,12.212,-33.500,-70.750
2018-04-01,Concepción,11.892,16.607,8.154,8.453,-36.750,-73.000
2018-04-01,Temuco,10.514,16.534,5.724,10.810,-38.750,-72.500
2018-04-01,Valdivia,11.125,14.587,8.155,6.431,-39.750,-73.250
2018-04-01,Puerto Montt,10.949,14.295,7.975,6.320,-41.500,-73.000
2018-04-01,Punta Arenas,5.307,7.648,3.123,4.525,-53.250,-71.000
2018-05-01,Arica,18.276,22.099,16.191,5.909,-18.500,-70.250
2018-05-01,Antofagasta,15.022,15.884,14.195,1.689,-23.750,-70.500
2018-05-01,La Serena,14.753,18.846,12.109,6.737,-30.000,-71.250
2018-05-01,Santiago,13.451,19.485,7.991,11.494,-33.500,-70.750
2018-05-01,Concepción,10.877,14.390,8.093,6.298,-36.750,-73.000
2018-05-01,Temuco,9.647,13.791,6.586,7.205,-38.750,-72.500
2018-05-01,Valdivia,10.402,12.930,8.230,4.701,-39.750,-73.250
2018-05-01,Puerto Montt,9.962,12.423,7.939,4.484,-41.500,-73.000
2018-05-01,Punta Arenas,4.043,6.107,2.166,3.941,-53.250,-71.000
2018-06-01,Arica,16.803,19.761,15.066,4.695,-18.500,-70.250
2018-06-01,Antofagasta,14.348,15.589,13.206,2.383,-23.750,-70.500
2018-06-01,La Serena,12.131,16.382,8.575,7.807,-30.000,-71.250
2018-06-01,Santiago,8.928,15.804,3.341,12.463,-33.500,-70.750
2018-06-01,Concepción,8.205,11.768,5.172,6.597,-36.750,-73.000
2018-06-01,Temuco,6.678,10.514,3.582,6.932,-38.750,-72.500
2018-06-01,Valdivia,7.489,10.219,5.312,4.908,-39.750,-73.250
2018-06-01,Puerto Montt,7.411,9.911,5.562,4.349,-41.500,-73.000
2018-06-01,Punta Arenas,1.257,3.354,-0.808,4.161,-53.250,-71.000
2018-07-01,Arica,15.921,19.213,13.896,5.317,-18.500,-70.250
2018-07-01,Antofagasta,14.129,15.444,12.992,2.452,-23.750,-70.500
2018-07-01,La Serena,11.856,15.766,8.926,6.840,-30.000,-71.250
2018-07-01,Santiago,9.027,15.434,3.913,11.521,-33.500,-70.750
2018-07-01,Concepción,8.373,12.107,5.395,6.713,-36.750,-73.000
2018-07-01,Temuco,6.619,11.220,3.015,8.205,-38.750,-72.500
2018-07-01,Valdivia,7.029,10.244,4.625,5.619,-39.750,-73.250
2018-07-01,Puerto Montt,6.790,9.627,4.608,5.019,-41.500,-73.000
2018-07-01,Punta Arenas,0.595,2.931,-1.519,4.451,-53.250,-71.000
2018-08-01,Arica,15.708,19.324,13.676,5.648,-18.500,-70.250
2018-08-01,Antofagasta,13.507,14.817,12.253,2.564,-23.750,-70.500
2018-08-01,La Serena,12.968,17.684,9.528,8.156,-30.000,-71.250
2018-08-01,Santiago,10.756,18.052,4.665,13.387,-33.500,-70.750
2018-08-01,Concepción,9.056,13.168,5.704,7.465,-36.750,-73.000
2018-08-01,Temuco,7.666,12.601,3.873,8.728,-38.750,-72.500
2018-08-01,Valdivia,8.251,11.224,5.660,5.563,-39.750,-73.250
2018-08-01,Puerto Montt,7.953,11.109,5.551,5.558,-41.500,-73.000
2018-08-01,Punta Arenas,3.217,5.417,1.114,4.303,-53.250,-71.000
2018-09-01,Arica,16.254,20.105,13.998,6.107,-18.500,-70.250
2018-09-01,Antofagasta,13.721,14.811,12.637,2.175,-23.750,-70.500
2018-09-01,La Serena,14.703,19.546,11.558,7.988,-30.000,-71.250
2018-09-01,Santiago,13.628,19.337,8.314,11.023,-33.500,-70.750
2018-09-01,Concepción,10.732,14.906,7.374,7.532,-36.750,-73.000
2018-09-01,Temuco,9.394,14.340,5.690,8.649,-38.750,-72.500
2018-09-01,Valdivia,9.451,12.609,6.855,5.754,-39.750,-73.250
2018-09-01,Puerto Montt,9.007,12.381,6.397,5.984,-41.500,-73.000
2018-09-01,Punta Arenas,3.405,6.140,0.704,5.436,-53.250,-71.000
2018-10-01,Arica,17.831,21.439,15.609,5.830,-18.500,-70.250
2018-10-01,Antofagasta,14.647,15.669,13.655,2.013,-23.750,-70.500
2018-10-01,La Serena,15.331,19.920,12.161,7.758,-30.000,-71.250
2018-10-01,Santiago,14.994,20.701,9.687,11.014,-33.500,-70.750
2018-10-01,Concepción,11.619,15.703,8.029,7.673,-36.750,-73.000
2018-10-01,Temuco,10.777,16.011,6.425,9.586,-38.750,-72.500
2018-10-01,Valdivia,10.561,13.683,7.889,5.793,-39.750,-73.250
2018-10-01,Puerto Montt,10.138,13.098,7.453,5.645,-41.500,-73.000
2018-10-01,Punta Arenas,5.645,8.561,2.998,5.563,-53.250,-71.000
2018-11-01,Arica,19.522,23.455,17.121,6.335,-18.500,-70.250
2018-11-01,Antofagasta,16.110,17.017,15.121,1.896,-23.750,-70.500
2018-11-01,La Serena,17.533,21.850,14.058,7.792,-30.000,-71.250
2018-11-01,Santiago,19.562,26.476,12.991,13.485,-33.500,-70.750
2018-11-01,Concepción,14.851,19.931,10.024,9.907,-36.750,-73.000
2018-11-01,Temuco,12.696,18.686,7.245,11.442,-38.750,-72.500
2018-11-01,Valdivia,12.523,15.927,9.082,6.845,-39.750,-73.250
2018-11-01,Puerto Montt,11.751,15.004,8.438,6.565,-41.500,-73.000
2018-11-01,Punta Arenas,7.339,10.331,4.405,5.927,-53.250,-71.000
2018-12-01,Arica,20.734,24.594,18.070,6.524,-18.500,-70.250
2018-12-01,Antofagasta,17.233,18.219,16.151,2.068,-23.750,-70.500
2018-12-01,La Serena,18.133,22.444,14.908,7.536,-30.000,-71.250
2018-12-01,Santiago,20.263,27.149,14.094,13.055,-33.500,-70.750
2018-12-01,Concepción,16.807,22.345,11.662,10.683,-36.750,-73.000
2018-12-01,Temuco,15.252,22.170,8.960,13.210,-38.750,-72.500
2018-12-01,Valdivia,14.501,18.645,10.552,8.092,-39.750,-73.250
2018-12-01,Puerto Montt,13.663,17.043,10.605,6.439,-41.500,-73.000
2018-12-01,Punta Arenas,9.194,12.184,6.485,5.699,-53.250,-71.000
2019-01-01,Arica,22.250,25.491,20.009,5.482,-18.500,-70.250
2019-01-01,Antofagasta,18.575,19.443,17.556,1.888,-23.750,-70.500
2019-01-01,La Serena,19.055,23.255,15.900,7.355,-30.000,-71.250
2019-01-01,Santiago,21.990,29.233,16.015,13.219,-33.500,-70.750
2019-01-01,Concepción,17.519,24.059,11.607,12.451,-36.750,-73.000
2019-01-01,Temuco,15.295,23.093,8.482,14.611,-38.750,-72.500
2019-01-01,Valdivia,14.430,18.921,10.084,8.837,-39.750,-73.250
2019-01-01,Puerto Montt,12.998,16.434,9.588,6.846,-41.500,-73.000
2019-01-01,Punta Arenas,8.623,11.382,6.130,5.253,-53.250,-71.000
2019-02-01,Arica,23.083,26.407,20.767,5.640,-18.500,-70.250
2019-02-01,Antofagasta,19.651,20.505,18.759,1.747,-23.750,-70.500
2019-02-01,La Serena,19.492,23.475,16.691,6.784,-30.000,-71.250
2019-02-01,Santiago,22.255,29.082,16.805,12.277,-33.500,-70.750
2019-02-01,Concepción,18.079,24.520,12.962,11.558,-36.750,-73.000
2019-02-01,Temuco,17.873,26.053,11.424,14.629,-38.750,-72.500
2019-02-01,Valdivia,16.019,21.541,11.736,9.805,-39.750,-73.250
2019-02-01,Puerto Montt,14.832,18.786,11.306,7.481,-41.500,-73.000
2019-02-01,Punta Arenas,9.163,12.177,6.581,5.596,-53.250,-71.000
2019-03-01,Arica,21.891,25.965,19.098,6.866,-18.500,-70.250
2019-03-01,Antofagasta,18.073,18.866,17.211,1.655,-23.750,-70.500
2019-03-01,La Serena,17.639,21.499,14.982,6.518,-30.000,-71.250
2019-03-01,Santiago,19.801,26.963,13.778,13.185,-33.500,-70.750
2019-03-01,Concepción,15.277,22.086,10.418,11.668,-36.750,-73.000
2019-03-01,Temuco,14.310,21.938,8.462,13.476,-38.750,-72.500
2019-03-01,Valdivia,13.691,18.260,10.066,8.194,-39.750,-73.250
2019-03-01,Puerto Montt,12.986,16.754,9.926,6.827,-41.500,-73.000
2019-03-01,Punta Arenas,9.062,11.451,6.840,4.610,-53.250,-71.000
2019-04-01,Arica,20.184,23.845,17.918,5.927,-18.500,-70.250
2019-04-01,Antofagasta,16.928,17.834,16.071,1.763,-23.750,-70.500
2019-04-01,La Serena,15.945,19.470,13.556,5.914,-30.000,-71.250
2019-04-01,Santiago,16.399,22.749,10.993,11.755,-33.500,-70.750
2019-04-01,Concepción,13.156,18.442,9.421,9.021,-36.750,-73.000
2019-04-01,Temuco,11.541,17.343,7.496,9.848,-38.750,-72.500
2019-04-01,Valdivia,11.391,15.024,8.801,6.223,-39.750,-73.250
2019-04-01,Puerto Montt,11.071,13.751,8.655,5.096,-41.500,-73.000
2019-04-01,Punta Arenas,6.429,8.695,4.396,4.300,-53.250,-71.000
2019-05-01,Arica,17.754,21.066,15.654,5.412,-18.500,-70.250
2019-05-01,Antofagasta,15.382,16.405,14.515,1.890,-23.750,-70.500
2019-05-01,La Serena,14.041,17.911,11.360,6.551,-30.000,-71.250
2019-05-01,Santiago,12.821,18.747,7.522,11.225,-33.500,-70.750
2019-05-01,Concepción,11.294,14.780,8.557,6.222,-36.750,-73.000
2019-05-01,Temuco,9.871,13.969,6.853,7.116,-38.750,-72.500
2019-05-01,Valdivia,10.321,12.852,8.296,4.556,-39.750,-73.250
2019-05-01,Puerto Montt,9.782,12.234,7.630,4.604,-41.500,-73.000
2019-05-01,Punta Arenas,5.090,7.260,3.116,4.144,-53.250,-71.000
2019-06-01,Arica,16.411,19.694,14.492,5.202,-18.500,-70.250
2019-06-01,Antofagasta,14.238,15.417,13.327,2.089,-23.750,-70.500
2019-06-01,La Serena,12.614,16.998,9.099,7.899,-30.000,-71.250
2019-06-01,Santiago,9.700,15.633,4.608,11.025,-33.500,-70.750
2019-06-01,Concepción,9.769,12.580,7.569,5.011,-36.750,-73.000
2019-06-01,Temuco,8.727,11.980,6.057,5.923,-38.750,-72.500
2019-06-01,Valdivia,9.000,11.305,7.132,4.172,-39.750,-73.250
2019-06-01,Puerto Montt,8.436,10.823,6.370,4.453,-41.500,-73.000
2019-06-01,Punta Arenas,2.657,4.548,0.584,3.964,-53.250,-71.000
2019-07-01,Arica,15.470,18.544,13.604,4.940,-18.500,-70.250
2019-07-01,Antofagasta,13.558,14.728,12.607,2.121,-23.750,-70.500
2019-07-01,La Serena,12.204,16.780,8.444,8.336,-30.000,-71.250
2019-07-01,Santiago,9.452,16.462,3.834,12.628,-33.500,-70.750
2019-07-01,Concepción,9.607,12.680,6.945,5.735,-36.750,-73.000
2019-07-01,Temuco,7.926,11.719,4.997,6.721,-38.750,-72.500
2019-07-01,Valdivia,8.563,10.960,6.573,4.387,-39.750,-73.250
2019-07-01,Puerto Montt,7.928,10.189,5.932,4.257,-41.500,-73.000
2019-07-01,Punta Arenas,2.656,4.404,0.663,3.741,-53.250,-71.000
2019-08-01,Arica,15.496,19.212,13.239,5.974,-18.500,-70.250
2019-08-01,Antofagasta,13.580,14.859,12.587,2.272,-23.750,-70.500
2019-08-01,La Serena,13.800,19.065,9.891,9.174,-30.000,-71.250
2019-08-01,Santiago,12.020,19.069,5.627,13.442,-33.500,-70.750
2019-08-01,Concepción,9.412,13.478,6.144,7.333,-36.750,-73.000
2019-08-01,Temuco,8.036,12.851,4.399,8.452,-38.750,-72.500
2019-08-01,Valdivia,8.261,11.178,5.931,5.247,-39.750,-73.250
2019-08-01,Puerto Montt,7.878,10.735,5.580,5.155,-41.500,-73.000
2019-08-01,Punta Arenas,2.367,4.914,0.098,4.815,-53.250,-71.000
2019-09-01,Arica,15.929,19.167,13.961,5.205,-18.500,-70.250
2019-09-01,Antofagasta,13.495,14.555,12.457,2.098,-23.750,-70.500
2019-09-01,La Serena,13.023,17.136,10.121,7.015,-30.000,-71.250
2019-09-01,Santiago,12.767,19.447,6.741,12.707,-33.500,-70.750
2019-09-01,Concepción,10.544,15.584,6.550,9.034,-36.750,-73.000
2019-09-01,Temuco,9.054,14.681,4.651,10.030,-38.750,-72.500
2019-09-01,Valdivia,9.093,12.797,6.170,6.627,-39.750,-73.250
2019-09-01,Puerto Montt,8.456,11.616,5.803,5.813,-41.500,-73.000
2019-09-01,Punta Arenas,4.340,6.856,2.181,4.675,-53.250,-71.000
2019-10-01,Arica,16.664,20.418,14.375,6.043,-18.500,-70.250
2019-10-01,Antofagasta,14.292,15.376,13.224,2.152,-23.750,-70.500
2019-10-01,La Serena,15.384,20.457,11.707,8.750,-30.000,-71.250
2019-10-01,Santiago,15.994,22.651,9.853,12.798,-33.500,-70.750
2019-10-01,Concepción,12.125,16.787,8.098,8.689,-36.750,-73.000
2019-10-01,Temuco,10.684,16.562,5.844,10.718,-38.750,-72.500
2019-10-01,Valdivia,10.366,13.988,7.222,6.766,-39.750,-73.250
2019-10-01,Puerto Montt,10.004,13.363,7.079,6.284,-41.500,-73.000
2019-10-01,Punta Arenas,5.734,8.647,3.140,5.506,-53.250,-71.000
2019-11-01,Arica,19.386,23.264,16.745,6.519,-18.500,-70.250
2019-11-01,Antofagasta,15.946,16.875,14.944,1.931,-23.750,-70.500
2019-11-01,La Serena,16.696,22.267,12.365,9.902,-30.000,-71.250
2019-11-01,Santiago,20.206,28.502,12.139,16.362,-33.500,-70.750
2019-11-01,Concepción,15.523,21.365,10.334,11.031,-36.750,-73.000
2019-11-01,Temuco,13.492,19.388,8.273,11.115,-38.750,-72.500
2019-11-01,Valdivia,12.898,16.395,9.610,6.785,-39.750,-73.250
2019-11-01,Puerto Montt,12.107,15.374,9.170,6.205,-41.500,-73.000
2019-11-01,Punta Arenas,7.066,9.953,4.389,5.564,-53.250,-71.000
2019-12-01,Arica,20.897,25.043,17.998,7.045,-18.500,-70.250
2019-12-01,Antofagasta,17.113,17.994,16.091,1.903,-23.750,-70.500
2019-12-01,La Serena,17.483,22.563,13.531,9.032,-30.000,-71.250
2019-12-01,Santiago,22.301,30.688,14.974,15.714,-33.500,-70.750
2019-12-01,Concepción,17.236,23.534,11.321,12.212,-36.750,-73.000
2019-12-01,Temuco,15.121,21.942,8.656,13.286,-38.750,-72.500
2019-12-01,Valdivia,14.305,18.323,10.309,8.014,-39.750,-73.250
2019-12-01,Puerto Montt,13.528,17.007,10.140,6.867,-41.500,-73.000
2019-12-01,Punta Arenas,9.380,12.066,6.901,5.165,-53.250,-71.000
2020-01-01,Arica,22.813,26.099,20.474,5.625,-18.500,-70.250
2020-01-01,Antofagasta,19.035,20.020,18.167,1.853,-23.750,-70.500
2020-01-01,La Serena,18.966,24.032,15.422,8.610,-30.000,-71.250
2020-01-01,Santiago,22.422,30.304,16.006,14.298,-33.500,-70.750
2020-01-01,Concepción,18.551,25.063,12.769,12.294,-36.750,-73.000
2020-01-01,Temuco,17.016,24.667,10.424,14.243,-38.750,-72.500
2020-01-01,Valdivia,15.937,20.476,11.709,8.767,-39.750,-73.250
2020-01-01,Puerto Montt,14.408,17.808,11.380,6.428,-41.500,-73.000
2020-01-01,Punta Arenas,9.882,12.312,7.726,4.586,-53.250,-71.000
2020-02-01,Arica,23.073,26.478,20.702,5.775,-18.500,-70.250
2020-02-01,Antofagasta,19.113,19.973,18.252,1.720,-23.750,-70.500
2020-02-01,La Serena,18.662,23.702,14.988,8.714,-30.000,-71.250
2020-02-01,Santiago,22.120,30.452,15.227,15.225,-33.500,-70.750
2020-02-01,Concepción,17.706,24.309,12.094,12.215,-36.750,-73.000
2020-02-01,Temuco,16.754,24.960,10.220,14.740,-38.750,-72.500
2020-02-01,Valdivia,15.458,20.263,11.496,8.767,-39.750,-73.250
2020-02-01,Puerto Montt,14.539,18.376,11.298,7.079,-41.500,-73.000
2020-02-01,Punta Arenas,10.323,13.351,7.679,5.672,-53.250,-71.000
2020-03-01,Arica,22.969,26.444,20.656,5.788,-18.500,-70.250
2020-03-01,Antofagasta,17.975,18.860,17.093,1.767,-23.750,-70.500
2020-03-01,La Serena,17.638,22.367,14.626,7.741,-30.000,-71.250
2020-03-01,Santiago,20.534,28.634,14.576,14.057,-33.500,-70.750
2020-03-01,Concepción,16.292,22.567,11.551,11.016,-36.750,-73.000
2020-03-01,Temuco,15.747,23.633,9.817,13.817,-38.750,-72.500
2020-03-01,Valdivia,14.874,19.471,11.131,8.340,-39.750,-73.250
2020-03-01,Puerto Montt,14.003,17.562,11.193,6.369,-41.500,-73.000
2020-03-01,Punta Arenas,9.417,12.157,6.996,5.161,-53.250,-71.000
2020-04-01,Arica,21.086,24.911,18.455,6.455,-18.500,-70.250
2020-04-01,Antofagasta,17.093,17.895,16.320,1.575,-23.750,-70.500
2020-04-01,La Serena,16.226,20.622,13.393,7.229,-30.000,-71.250
2020-04-01,Santiago,17.163,24.835,10.742,14.093,-33.500,-70.750
2020-04-01,Concepción,13.835,19.620,9.431,10.189,-36.750,-73.000
2020-04-01,Temuco,12.535,19.256,7.396,11.860,-38.750,-72.500
2020-04-01,Valdivia,11.999,16.009,8.847,7.162,-39.750,-73.250
2020-04-01,Puerto Montt,11.918,15.135,9.285,5.850,-41.500,-73.000
2020-04-01,Punta Arenas,7.280,10.071,5.022,5.049,-53.250,-71.000
2020-05-01,Arica,18.413,22.008,15.677,6.331,-18.500,-70.250
2020-05-01,Antofagasta,15.915,16.955,15.068,1.887,-23.750,-70.500
2020-05-01,La Serena,14.574,18.838,11.654,7.184,-30.000,-71.250
2020-05-01,Santiago,14.208,21.603,7.855,13.747,-33.500,-70.750
2020-05-01,Concepción,11.704,16.099,8.273,7.826,-36.750,-73.000
2020-05-01,Temuco,9.805,14.658,6.341,8.317,-38.750,-72.500
2020-05-01,Valdivia,10.696,13.627,8.398,5.229,-39.750,-73.250
2020-05-01,Puerto Montt,10.141,12.902,7.855,5.048,-41.500,-73.000
2020-05-01,Punta Arenas,5.366,7.266,3.789,3.477,-53.250,-71.000
2020-06-01,Arica,16.856,20.118,14.595,5.523,-18.500,-70.250
2020-06-01,Antofagasta,15.020,16.039,14.179,1.860,-23.750,-70.500
2020-06-01,La Serena,12.379,16.982,8.869,8.113,-30.000,-71.250
2020-06-01,Santiago,8.850,14.266,4.181,10.085,-33.500,-70.750
2020-06-01,Concepción,9.158,11.814,6.789,5.025,-36.750,-73.000
2020-06-01,Temuco,7.757,10.953,5.230,5.724,-38.750,-72.500
2020-06-01,Valdivia,8.944,10.958,7.165,3.793,-39.750,-73.250
2020-06-01,Puerto Montt,8.512,10.600,6.697,3.903,-41.500,-73.000
2020-06-01,Punta Arenas,1.840,3.769,-0.124,3.893,-53.250,-71.000
2020-07-01,Arica,15.375,18.930,12.914,6.016,-18.500,-70.250
2020-07-01,Antofagasta,14.057,15.260,13.096,2.165,-23.750,-70.500
2020-07-01,La Serena,12.371,17.522,8.385,9.136,-30.000,-71.250
2020-07-01,Santiago,9.414,15.416,4.752,10.664,-33.500,-70.750
2020-07-01,Concepción,9.029,12.022,6.314,5.708,-36.750,-73.000
2020-07-01,Temuco,6.965,10.682,4.088,6.594,-38.750,-72.500
2020-07-01,Valdivia,7.749,10.056,5.786,4.270,-39.750,-73.250
2020-07-01,Puerto Montt,7.301,9.331,5.626,3.705,-41.500,-73.000
2020-07-01,Punta Arenas,-0.341,1.483,-2.220,3.703,-53.250,-71.000
2020-08-01,Arica,15.690,18.865,13.415,5.450,-18.500,-70.250
2020-08-01,Antofagasta,13.615,14.553,12.666,1.887,-23.750,-70.500
2020-08-01,La Serena,11.929,16.996,8.388,8.607,-30.000,-71.250
2020-08-01,Santiago,10.181,17.381,4.178,13.202,-33.500,-70.750
2020-08-01,Concepción,9.213,13.256,5.976,7.281,-36.750,-73.000
2020-08-01,Temuco,7.544,12.055,3.892,8.163,-38.750,-72.500
2020-08-01,Valdivia,8.000,10.942,5.547,5.396,-39.750,-73.250
2020-08-01,Puerto Montt,7.462,9.928,5.499,4.429,-41.500,-73.000
2020-08-01,Punta Arenas,1.855,3.742,-0.034,3.776,-53.250,-71.000
2020-09-01,Arica,16.007,19.640,13.240,6.400,-18.500,-70.250
2020-09-01,Antofagasta,13.579,14.575,12.545,2.030,-23.750,-70.500
2020-09-01,La Serena,13.612,19.281,9.621,9.660,-30.000,-71.250
2020-09-01,Santiago,13.390,20.963,6.363,14.599,-33.500,-70.750
2020-09-01,Concepción,10.359,15.082,6.406,8.677,-36.750,-73.000
2020-09-01,Temuco,8.804,14.514,4.453,10.061,-38.750,-72.500
2020-09-01,Valdivia,9.282,12.712,6.433,6.279,-39.750,-73.250
2020-09-01,Puerto Montt,8.384,11.644,5.563,6.081,-41.500,-73.000
2020-09-01,Punta Arenas,4.100,6.637,1.993,4.644,-53.250,-71.000
2020-10-01,Arica,17.461,21.153,14.722,6.431,-18.500,-70.250
2020-10-01,Antofagasta,14.111,15.083,13.150,1.933,-23.750,-70.500
2020-10-01,La Serena,14.188,20.000,10.061,9.939,-30.000,-71.250
2020-10-01,Santiago,15.690,23.556,8.589,14.967,-33.500,-70.750
2020-10-01,Concepción,11.977,17.961,6.804,11.156,-36.750,-73.000
2020-10-01,Temuco,10.376,17.014,4.952,12.063,-38.750,-72.500
2020-10-01,Valdivia,10.377,14.440,6.798,7.642,-39.750,-73.250
2020-10-01,Puerto Montt,9.468,13.083,6.426,6.657,-41.500,-73.000
2020-10-01,Punta Arenas,5.844,8.467,3.684,4.782,-53.250,-71.000
2020-11-01,Arica,18.154,22.309,14.736,7.573,-18.500,-70.250
2020-11-01,Antofagasta,15.176,16.171,14.140,2.031,-23.750,-70.500
2020-11-01,La Serena,15.310,20.693,11.353,9.341,-30.000,-71.250
2020-11-01,Santiago,18.293,26.070,12.008,14.062,-33.500,-70.750
2020-11-01,Concepción,14.352,20.038,9.123,10.915,-36.750,-73.000
2020-11-01,Temuco,12.833,19.106,7.349,11.757,-38.750,-72.500
2020-11-01,Valdivia,12.506,16.123,9.172,6.951,-39.750,-73.250
2020-11-01,Puerto Montt,12.071,15.308,9.038,6.270,-41.500,-73.000
2020-11-01,Punta Arenas,8.381,11.276,5.775,5.501,-53.250,-71.000
2020-12-01,Arica,20.389,23.985,17.524,6.461,-18.500,-70.250
2020-12-01,Antofagasta,16.797,17.669,15.745,1.925,-23.750,-70.500
2020-12-01,La Serena,16.773,22.020,12.723,9.297,-30.000,-71.250
2020-12-01,Santiago,20.802,28.868,13.757,15.112,-33.500,-70.750
2020-12-01,Concepción,16.370,22.664,10.030,12.634,-36.750,-73.000
2020-12-01,Temuco,14.256,21.091,8.174,12.916,-38.750,-72.500
2020-12-01,Valdivia,13.983,18.003,10.098,7.905,-39.750,-73.250
2020-12-01,Puerto Montt,13.301,16.618,10.173,6.445,-41.500,-73.000
2020-12-01,Punta Arenas,8.963,11.590,6.495,5.095,-53.250,-71.000
2021-01-01,Arica,21.723,25.312,18.947,6.365,-18.500,-70.250
2021-01-01,Antofagasta,17.843,18.764,16.897,1.867,-23.750,-70.500
2021-01-01,La Serena,17.947,23.039,13.949,9.089,-30.000,-71.250
2021-01-01,Santiago,21.082,28.455,14.950,13.505,-33.500,-70.750
2021-01-01,Concepción,17.644,23.884,11.627,12.257,-36.750,-73.000
2021-01-01,Temuco,16.164,23.898,9.272,14.625,-38.750,-72.500
2021-01-01,Valdivia,15.544,20.254,11.009,9.245,-39.750,-73.250
2021-01-01,Puerto Montt,14.015,17.671,10.482,7.189,-41.500,-73.000
2021-01-01,Punta Arenas,9.473,12.312,6.833,5.480,-53.250,-71.000
2021-02-01,Arica,22.312,26.096,19.389,6.707,-18.500,-70.250
2021-02-01,Antofagasta,18.031,18.942,16.991,1.951,-23.750,-70.500
2021-02-01,La Serena,18.138,23.146,14.535,8.611,-30.000,-71.250
2021-02-01,Santiago,19.852,26.971,14.090,12.881,-33.500,-70.750
2021-02-01,Concepción,16.955,23.204,12.190,11.014,-36.750,-73.000
2021-02-01,Temuco,16.444,25.018,9.690,15.328,-38.750,-72.500
2021-02-01,Valdivia,16.068,21.562,11.721,9.841,-39.750,-73.250
2021-02-01,Puerto Montt,14.898,18.952,11.443,7.509,-41.500,-73.000
2021-02-01,Punta Arenas,11.034,14.415,8.044,6.371,-53.250,-71.000
2021-03-01,Arica,21.850,25.528,18.930,6.598,-18.500,-70.250
2021-03-01,Antofagasta,18.155,19.001,17.229,1.772,-23.750,-70.500
2021-03-01,La Serena,17.148,22.149,13.796,8.353,-30.000,-71.250
2021-03-01,Santiago,18.856,26.172,13.366,12.806,-33.500,-70.750
2021-03-01,Concepción,15.684,21.641,11.032,10.610,-36.750,-73.000
2021-03-01,Temuco,14.956,23.372,8.774,14.598,-38.750,-72.500
2021-03-01,Valdivia,14.533,19.635,10.554,9.081,-39.750,-73.250
2021-03-01,Puerto Montt,13.571,17.589,10.301,7.288,-41.500,-73.000
2021-03-01,Punta Arenas,8.921,11.795,6.390,5.405,-53.250,-71.000
2021-04-01,Arica,19.773,23.367,17.338,6.029,-18.500,-70.250
2021-04-01,Antofagasta,16.156,17.019,15.412,1.607,-23.750,-70.500
2021-04-01,La Serena,15.117,19.588,12.235,7.352,-30.000,-71.250
2021-04-01,Santiago,15.875,23.453,9.746,13.708,-33.500,-70.750
2021-04-01,Concepción,13.476,18.236,9.715,8.520,-36.750,-73.000
2021-04-01,Temuco,12.707,18.602,8.475,10.126,-38.750,-72.500
2021-04-01,Valdivia,12.564,15.851,10.128,5.724,-39.750,-73.250
2021-04-01,Puerto Montt,12.553,15.689,10.144,5.545,-41.500,-73.000
2021-04-01,Punta Arenas,6.853,9.548,4.618,4.929,-53.250,-71.000
2021-05-01,Arica,18.360,21.524,16.078,5.446,-18.500,-70.250
2021-05-01,Antofagasta,15.543,16.692,14.634,2.058,-23.750,-70.500
2021-05-01,La Serena,14.751,19.673,11.210,8.463,-30.000,-71.250
2021-05-01,Santiago,12.753,20.081,6.613,13.468,-33.500,-70.750
2021-05-01,Concepción,11.069,14.978,8.163,6.815,-36.750,-73.000
2021-05-01,Temuco,9.817,14.393,6.554,7.839,-38.750,-72.500
2021-05-01,Valdivia,10.435,13.289,8.237,5.053,-39.750,-73.250
2021-05-01,Puerto Montt,10.192,12.561,8.286,4.275,-41.500,-73.000
2021-05-01,Punta Arenas,4.699,6.409,3.036,3.373,-53.250,-71.000
2021-06-01,Arica,16.294,19.526,13.969,5.557,-18.500,-70.250
2021-06-01,Antofagasta,14.468,15.539,13.589,1.950,-23.750,-70.500
2021-06-01,La Serena,12.875,17.149,9.500,7.650,-30.000,-71.250
2021-06-01,Santiago,10.284,17.281,4.695,12.586,-33.500,-70.750
2021-06-01,Concepción,9.900,13.035,7.292,5.742,-36.750,-73.000
2021-06-01,Temuco,8.002,12.165,4.765,7.400,-38.750,-72.500
2021-06-01,Valdivia,8.421,11.324,6.174,5.150,-39.750,-73.250
2021-06-01,Puerto Montt,7.750,10.531,5.406,5.126,-41.500,-73.000
2021-06-01,Punta Arenas,2.921,4.604,1.070,3.534,-53.250,-71.000
2021-07-01,Arica,15.752,18.797,13.736,5.062,-18.500,-70.250
2021-07-01,Antofagasta,13.715,14.606,12.832,1.773,-23.750,-70.500
2021-07-01,La Serena,11.708,16.384,7.806,8.578,-30.000,-71.250
2021-07-01,Santiago,8.442,17.609,1.286,16.322,-33.500,-70.750
2021-07-01,Concepción,8.310,12.636,4.973,7.663,-36.750,-73.000
2021-07-01,Temuco,6.521,10.998,3.200,7.798,-38.750,-72.500
2021-07-01,Valdivia,7.686,10.497,5.537,4.960,-39.750,-73.250
2021-07-01,Puerto Montt,7.709,9.835,5.887,3.948,-41.500,-73.000
2021-07-01,Punta Arenas,2.850,4.270,1.097,3.173,-53.250,-71.000
2021-08-01,Arica,15.577,18.822,13.258,5.564,-18.500,-70.250
2021-08-01,Antofagasta,13.542,14.593,12.572,2.021,-23.750,-70.500
2021-08-01,La Serena,12.462,16.894,9.338,7.555,-30.000,-71.250
2021-08-01,Santiago,10.165,16.904,4.807,12.098,-33.500,-70.750
2021-08-01,Concepción,9.602,13.110,6.741,6.369,-36.750,-73.000
2021-08-01,Temuco,8.035,12.570,4.545,8.025,-38.750,-72.500
2021-08-01,Valdivia,8.372,11.261,6.206,5.055,-39.750,-73.250
2021-08-01,Puerto Montt,7.970,10.423,6.134,4.289,-41.500,-73.000
2021-08-01,Punta Arenas,3.588,5.725,1.657,4.068,-53.250,-71.000
2021-09-01,Arica,15.667,19.002,13.621,5.381,-18.500,-70.250
2021-09-01,Antofagasta,13.281,14.343,12.221,2.122,-23.750,-70.500
2021-09-01,La Serena,13.608,19.324,9.727,9.597,-30.000,-71.250
2021-09-01,Santiago,12.271,19.837,5.513,14.324,-33.500,-70.750
2021-09-01,Concepción,10.361,14.949,6.624,8.325,-36.750,-73.000
2021-09-01,Temuco,9.302,15.061,4.856,10.205,-38.750,-72.500
2021-09-01,Valdivia,9.308,12.877,6.405,6.472,-39.750,-73.250
2021-09-01,Puerto Montt,9.163,12.497,6.411,6.085,-41.500,-73.000
2021-09-01,Punta Arenas,5.302,8.124,2.865,5.259,-53.250,-71.000
2021-10-01,Arica,16.388,19.966,13.932,6.034,-18.500,-70.250
2021-10-01,Antofagasta,13.811,14.941,12.731,2.210,-23.750,-70.500
2021-10-01,La Serena,14.186,20.330,10.059,10.271,-30.000,-71.250
2021-10-01,Santiago,15.872,23.601,8.670,14.930,-33.500,-70.750
2021-10-01,Concepción,12.501,18.068,7.706,10.362,-36.750,-73.000
2021-10-01,Temuco,10.886,16.941,6.064,10.877,-38.750,-72.500
2021-10-01,Valdivia,10.929,15.055,7.531,7.524,-39.750,-73.250
2021-10-01,Puerto Montt,10.318,13.820,7.261,6.559,-41.500,-73.000
2021-10-01,Punta Arenas,6.049,9.026,3.482,5.544,-53.250,-71.000
2021-11-01,Arica,18.183,22.065,15.581,6.484,-18.500,-70.250
2021-11-01,Antofagasta,14.956,15.880,13.929,1.952,-23.750,-70.500
2021-11-01,La Serena,15.215,20.796,11.414,9.382,-30.000,-71.250
2021-11-01,Santiago,18.458,26.054,12.062,13.992,-33.500,-70.750
2021-11-01,Concepción,14.776,20.349,9.867,10.482,-36.750,-73.000
2021-11-01,Temuco,13.417,19.957,7.803,12.154,-38.750,-72.500
2021-11-01,Valdivia,12.837,16.617,9.417,7.200,-39.750,-73.250
2021-11-01,Puerto Montt,12.020,15.443,8.998,6.445,-41.500,-73.000
2021-11-01,Punta Arenas,7.675,10.557,4.993,5.564,-53.250,-71.000
2021-12-01,Arica,20.101,23.614,17.614,6.000,-18.500,-70.250
2021-12-01,Antofagasta,16.590,17.488,15.692,1.796,-23.750,-70.500
2021-12-01,La Serena,16.998,22.035,13.313,8.723,-30.000,-71.250
2021-12-01,Santiago,20.512,28.268,14.312,13.955,-33.500,-70.750
2021-12-01,Concepción,16.877,23.139,11.480,11.660,-36.750,-73.000
2021-12-01,Temuco,16.746,24.729,9.375,15.354,-38.750,-72.500
2021-12-01,Valdivia,15.201,20.139,10.718,9.421,-39.750,-73.250
2021-12-01,Puerto Montt,13.930,17.547,10.590,6.957,-41.500,-73.000
2021-12-01,Punta Arenas,9.886,12.761,7.030,5.731,-53.250,-71.000
2022-01-01,Arica,21.327,24.821,18.693,6.128,-18.500,-70.250
2022-01-01,Antofagasta,17.574,18.469,16.635,1.834,-23.750,-70.500
2022-01-01,La Serena,18.471,23.440,14.664,8.775,-30.000,-71.250
2022-01-01,Santiago,20.593,28.480,14.327,14.152,-33.500,-70.750
2022-01-01,Concepción,16.785,22.112,11.747,10.365,-36.750,-73.000
2022-01-01,Temuco,16.407,23.349,10.220,13.129,-38.750,-72.500
2022-01-01,Valdivia,15.421,19.363,11.820,7.543,-39.750,-73.250
2022-01-01,Puerto Montt,15.119,18.777,11.797,6.980,-41.500,-73.000
2022-01-01,Punta Arenas,9.432,12.437,6.554,5.883,-53.250,-71.000
2022-02-01,Arica,21.312,25.067,18.442,6.624,-18.500,-70.250
2022-02-01,Antofagasta,17.499,18.410,16.458,1.951,-23.750,-70.500
2022-02-01,La Serena,18.477,22.638,15.562,7.076,-30.000,-71.250
2022-02-01,Santiago,20.828,28.256,14.815,13.441,-33.500,-70.750
2022-02-01,Concepción,17.463,23.520,12.316,11.204,-36.750,-73.000
2022-02-01,Temuco,17.321,25.252,10.776,14.475,-38.750,-72.500
2022-02-01,Valdivia,15.832,20.403,11.938,8.465,-39.750,-73.250
2022-02-01,Puerto Montt,15.113,18.711,11.973,6.737,-41.500,-73.000
2022-02-01,Punta Arenas,9.358,12.318,6.766,5.552,-53.250,-71.000
2022-03-01,Arica,21.025,24.587,18.343,6.245,-18.500,-70.250
2022-03-01,Antofagasta,16.730,17.544,15.923,1.621,-23.750,-70.500
2022-03-01,La Serena,17.231,22.406,13.686,8.720,-30.000,-71.250
2022-03-01,Santiago,19.424,27.488,12.835,14.653,-33.500,-70.750
2022-03-01,Concepción,15.540,21.693,10.539,11.154,-36.750,-73.000
2022-03-01,Temuco,13.393,19.947,8.240,11.707,-38.750,-72.500
2022-03-01,Valdivia,13.115,16.994,10.022,6.972,-39.750,-73.250
2022-03-01,Puerto Montt,12.501,15.469,10.149,5.320,-41.500,-73.000
2022-03-01,Punta Arenas,7.884,10.463,5.451,5.012,-53.250,-71.000
2022-04-01,Arica,18.512,22.405,15.909,6.496,-18.500,-70.250
2022-04-01,Antofagasta,15.258,16.079,14.434,1.646,-23.750,-70.500
2022-04-01,La Serena,14.528,19.582,11.372,8.210,-30.000,-71.250
2022-04-01,Santiago,15.592,23.152,9.171,13.981,-33.500,-70.750
2022-04-01,Concepción,11.857,16.539,7.994,8.545,-36.750,-73.000
2022-04-01,Temuco,10.431,15.328,6.676,8.652,-38.750,-72.500
2022-04-01,Valdivia,10.739,13.800,8.289,5.511,-39.750,-73.250
2022-04-01,Puerto Montt,10.456,13.126,8.249,4.877,-41.500,-73.000
2022-04-01,Punta Arenas,5.687,8.128,3.573,4.555,-53.250,-71.000
2022-05-01,Arica,17.027,20.597,14.695,5.902,-18.500,-70.250
2022-05-01,Antofagasta,14.515,15.362,13.741,1.621,-23.750,-70.500
2022-05-01,La Serena,13.246,17.548,10.615,6.933,-30.000,-71.250
2022-05-01,Santiago,11.867,18.830,5.834,12.996,-33.500,-70.750
2022-05-01,Concepción,9.122,13.608,5.838,7.770,-36.750,-73.000
2022-05-01,Temuco,7.457,13.257,3.476,9.781,-38.750,-72.500
2022-05-01,Valdivia,8.685,12.339,5.974,6.364,-39.750,-73.250
2022-05-01,Puerto Montt,8.801,11.996,6.389,5.607,-41.500,-73.000
2022-05-01,Punta Arenas,4.938,6.765,3.161,3.604,-53.250,-71.000
2022-06-01,Arica,15.653,18.974,13.370,5.604,-18.500,-70.250
2022-06-01,Antofagasta,13.682,14.750,12.758,1.992,-23.750,-70.500
2022-06-01,La Serena,11.691,15.556,8.721,6.835,-30.000,-71.250
2022-06-01,Santiago,9.363,15.643,4.283,11.360,-33.500,-70.750
2022-06-01,Concepción,9.242,11.718,7.178,4.540,-36.750,-73.000
2022-06-01,Temuco,7.455,10.729,4.829,5.900,-38.750,-72.500
2022-06-01,Valdivia,7.374,9.979,5.146,4.833,-39.750,-73.250
2022-06-01,Puerto Montt,6.558,9.383,4.355,5.027,-41.500,-73.000
2022-06-01,Punta Arenas,3.267,5.423,1.405,4.018,-53.250,-71.000
2022-07-01,Arica,15.283,18.310,13.403,4.907,-18.500,-70.250
2022-07-01,Antofagasta,13.283,14.279,12.440,1.839,-23.750,-70.500
2022-07-01,La Serena,11.442,15.376,8.448,6.928,-30.000,-71.250
2022-07-01,Santiago,8.305,14.411,3.207,11.205,-33.500,-70.750
2022-07-01,Concepción,8.668,11.365,6.275,5.090,-36.750,-73.000
2022-07-01,Temuco,6.822,10.193,4.104,6.089,-38.750,-72.500
2022-07-01,Valdivia,7.562,9.813,5.616,4.197,-39.750,-73.250
2022-07-01,Puerto Montt,6.708,8.973,4.737,4.237,-41.500,-73.000
2022-07-01,Punta Arenas,0.328,2.432,-1.729,4.160,-53.250,-71.000
2022-08-01,Arica,14.994,18.457,12.730,5.727,-18.500,-70.250
2022-08-01,Antofagasta,13.229,14.461,12.182,2.279,-23.750,-70.500
2022-08-01,La Serena,12.330,16.936,9.059,7.877,-30.000,-71.250
2022-08-01,Santiago,10.185,17.292,4.328,12.964,-33.500,-70.750
2022-08-01,Concepción,9.191,13.196,6.053,7.143,-36.750,-73.000
2022-08-01,Temuco,7.180,11.777,3.701,8.076,-38.750,-72.500
2022-08-01,Valdivia,7.598,10.782,5.028,5.755,-39.750,-73.250
2022-08-01,Puerto Montt,6.932,9.955,4.628,5.328,-41.500,-73.000
2022-08-01,Punta Arenas,2.776,4.809,0.697,4.112,-53.250,-71.000
2022-09-01,Arica,14.761,18.446,12.116,6.330,-18.500,-70.250
2022-09-01,Antofagasta,13.296,14.383,12.154,2.229,-23.750,-70.500
2022-09-01,La Serena,12.863,18.331,9.003,9.329,-30.000,-71.250
2022-09-01,Santiago,11.556,18.619,5.389,13.230,-33.500,-70.750
2022-09-01,Concepción,10.283,15.297,6.183,9.114,-36.750,-73.000
2022-09-01,Temuco,8.716,15.028,3.886,11.141,-38.750,-72.500
2022-09-01,Valdivia,8.836,12.722,5.648,7.074,-39.750,-73.250
2022-09-01,Puerto Montt,8.332,11.832,5.485,6.347,-41.500,-73.000
2022-09-01,Punta Arenas,4.578,7.336,2.202,5.133,-53.250,-71.000
2022-10-01,Arica,15.800,19.926,12.815,7.112,-18.500,-70.250
2022-10-01,Antofagasta,13.742,14.723,12.637,2.087,-23.750,-70.500
2022-10-01,La Serena,14.429,19.557,11.025,8.532,-30.000,-71.250
2022-10-01,Santiago,15.510,22.915,8.178,14.738,-33.500,-70.750
2022-10-01,Concepción,12.106,16.916,8.083,8.833,-36.750,-73.000
2022-10-01,Temuco,10.830,16.574,5.874,10.700,-38.750,-72.500
2022-10-01,Valdivia,10.828,14.412,7.634,6.778,-39.750,-73.250
2022-10-01,Puerto Montt,10.146,13.527,6.996,6.531,-41.500,-73.000
2022-10-01,Punta Arenas,5.888,8.771,3.355,5.416,-53.250,-71.000
2022-11-01,Arica,18.442,22.723,15.238,7.485,-18.500,-70.250
2022-11-01,Antofagasta,15.398,16.300,14.467,1.833,-23.750,-70.500
2022-11-01,La Serena,15.614,20.785,11.971,8.814,-30.000,-71.250
2022-11-01,Santiago,19.093,26.905,12.124,14.781,-33.500,-70.750
2022-11-01,Concepción,15.622,21.057,11.060,9.997,-36.750,-73.000
2022-11-01,Temuco,14.946,21.578,9.129,12.448,-38.750,-72.500
2022-11-01,Valdivia,13.794,17.843,10.090,7.752,-39.750,-73.250
2022-11-01,Puerto Montt,13.013,16.848,9.724,7.125,-41.500,-73.000
2022-11-01,Punta Arenas,8.856,12.022,5.867,6.155,-53.250,-71.000
2022-12-01,Arica,20.968,25.265,17.745,7.520,-18.500,-70.250
2022-12-01,Antofagasta,17.114,18.056,16.176,1.881,-23.750,-70.500
2022-12-01,La Serena,18.312,23.744,13.936,9.808,-30.000,-71.250
2022-12-01,Santiago,21.659,29.818,14.509,15.310,-33.500,-70.750
2022-12-01,Concepción,17.888,24.251,11.843,12.409,-36.750,-73.000
2022-12-01,Temuco,16.518,23.851,9.695,14.157,-38.750,-72.500
2022-12-01,Valdivia,15.286,19.396,11.116,8.280,-39.750,-73.250
2022-12-01,Puerto Montt,14.228,17.655,10.869,6.786,-41.500,-73.000
2022-12-01,Punta Arenas,8.728,11.914,5.715,6.199,-53.250,-71.000
2023-01-01,Arica,21.800,25.941,18.624,7.317,-18.500,-70.250
2023-01-01,Antofagasta,17.885,18.807,16.882,1.925,-23.750,-70.500
2023-01-01,La Serena,18.634,23.815,14.546,9.269,-30.000,-71.250
2023-01-01,Santiago,21.413,29.196,15.065,14.131,-33.500,-70.750
2023-01-01,Concepción,17.568,23.811,12.057,11.754,-36.750,-73.000
2023-01-01,Temuco,16.857,25.034,9.853,15.180,-38.750,-72.500
2023-01-01,Valdivia,15.314,19.823,11.107,8.716,-39.750,-73.250
2023-01-01,Puerto Montt,14.754,18.592,11.251,7.341,-41.500,-73.000
2023-01-01,Punta Arenas,10.555,13.694,7.602,6.091,-53.250,-71.000
2023-02-01,Arica,23.720,27.790,20.605,7.185,-18.500,-70.250
2023-02-01,Antofagasta,19.085,19.908,18.199,1.708,-23.750,-70.500
2023-02-01,La Serena,19.410,24.966,15.498,9.468,-30.000,-71.250
2023-02-01,Santiago,22.425,31.179,14.688,16.491,-33.500,-70.750
2023-02-01,Concepción,18.432,26.075,12.051,14.024,-36.750,-73.000
2023-02-01,Temuco,17.522,26.262,10.225,16.037,-38.750,-72.500
2023-02-01,Valdivia,16.026,21.150,11.394,9.756,-39.750,-73.250
2023-02-01,Puerto Montt,14.730,18.542,11.321,7.221,-41.500,-73.000
2023-02-01,Punta Arenas,9.256,12.236,6.670,5.566,-53.250,-71.000
2023-03-01,Arica,23.297,27.219,20.451,6.769,-18.500,-70.250
2023-03-01,Antofagasta,18.747,19.583,17.888,1.696,-23.750,-70.500
2023-03-01,La Serena,18.689,24.205,15.009,9.196,-30.000,-71.250
2023-03-01,Santiago,20.936,29.502,14.056,15.445,-33.500,-70.750
2023-03-01,Concepción,16.272,22.599,10.953,11.646,-36.750,-73.000
2023-03-01,Temuco,14.692,22.048,9.093,12.954,-38.750,-72.500
2023-03-01,Valdivia,13.428,17.414,10.041,7.373,-39.750,-73.250
2023-03-01,Puerto Montt,12.675,16.039,9.960,6.079,-41.500,-73.000
2023-03-01,Punta Arenas,6.283,9.179,3.979,5.200,-53.250,-71.000
2023-04-01,Arica,21.595,25.758,18.678,7.080,-18.500,-70.250
2023-04-01,Antofagasta,17.155,17.902,16.436,1.466,-23.750,-70.500
2023-04-01,La Serena,16.022,21.305,12.688,8.616,-30.000,-71.250
2023-04-01,Santiago,17.121,24.423,11.003,13.420,-33.500,-70.750
2023-04-01,Concepción,13.495,18.608,9.683,8.925,-36.750,-73.000
2023-04-01,Temuco,12.324,18.236,8.181,10.055,-38.750,-72.500
2023-04-01,Valdivia,12.043,15.358,9.494,5.864,-39.750,-73.250
2023-04-01,Puerto Montt,11.489,14.127,9.305,4.822,-41.500,-73.000
2023-04-01,Punta Arenas,5.474,8.080,3.340,4.740,-53.250,-71.000
2023-05-01,Arica,18.928,22.136,16.951,5.185,-18.500,-70.250
2023-05-01,Antofagasta,15.813,16.717,14.985,1.731,-23.750,-70.500
2023-05-01,La Serena,14.146,19.508,10.884,8.624,-30.000,-71.250
2023-05-01,Santiago,12.875,20.248,6.757,13.491,-33.500,-70.750
2023-05-01,Concepción,10.992,15.517,7.423,8.094,-36.750,-73.000
2023-05-01,Temuco,9.102,14.204,5.269,8.935,-38.750,-72.500
2023-05-01,Valdivia,9.772,12.770,7.475,5.295,-39.750,-73.250
2023-05-01,Puerto Montt,9.665,12.109,7.665,4.444,-41.500,-73.000
2023-05-01,Punta Arenas,4.823,7.117,2.999,4.119,-53.250,-71.000
2023-06-01,Arica,17.412,21.168,15.088,6.081,-18.500,-70.250
2023-06-01,Antofagasta,15.825,16.842,14.892,1.950,-23.750,-70.500
2023-06-01,La Serena,13.915,19.829,9.914,9.916,-30.000,-71.250
2023-06-01,Santiago,11.353,17.761,6.323,11.438,-33.500,-70.750
2023-06-01,Concepción,10.314,13.798,7.534,6.264,-36.750,-73.000
2023-06-01,Temuco,8.254,12.346,4.903,7.443,-38.750,-72.500
2023-06-01,Valdivia,8.878,11.388,6.649,4.739,-39.750,-73.250
2023-06-01,Puerto Montt,8.232,10.586,6.060,4.526,-41.500,-73.000
2023-06-01,Punta Arenas,2.416,3.913,0.797,3.116,-53.250,-71.000
2023-07-01,Arica,16.667,20.728,14.093,6.635,-18.500,-70.250
2023-07-01,Antofagasta,15.801,16.932,14.813,2.119,-23.750,-70.500
2023-07-01,La Serena,13.279,18.917,9.538,9.380,-30.000,-71.250
2023-07-01,Santiago,11.220,17.347,6.401,10.946,-33.500,-70.750
2023-07-01,Concepción,9.314,12.542,6.596,5.946,-36.750,-73.000
2023-07-01,Temuco,8.088,11.864,5.114,6.750,-38.750,-72.500
2023-07-01,Valdivia,8.383,10.629,6.329,4.299,-39.750,-73.250
2023-07-01,Puerto Montt,8.176,10.470,6.297,4.173,-41.500,-73.000
2023-07-01,Punta Arenas,-0.052,2.106,-2.073,4.178,-53.250,-71.000
2023-08-01,Arica,17.109,21.348,14.437,6.912,-18.500,-70.250
2023-08-01,Antofagasta,15.841,16.845,14.878,1.967,-23.750,-70.500
2023-08-01,La Serena,14.418,20.070,10.473,9.597,-30.000,-71.250
2023-08-01,Santiago,12.281,18.672,6.968,11.704,-33.500,-70.750
2023-08-01,Concepción,9.789,13.481,6.695,6.787,-36.750,-73.000
2023-08-01,Temuco,7.806,12.455,4.037,8.418,-38.750,-72.500
2023-08-01,Valdivia,8.278,11.067,5.915,5.153,-39.750,-73.250
2023-08-01,Puerto Montt,7.591,10.127,5.469,4.658,-41.500,-73.000
2023-08-01,Punta Arenas,1.447,3.336,-0.470,3.807,-53.250,-71.000
2023-09-01,Arica,17.370,21.786,14.224,7.562,-18.500,-70.250
2023-09-01,Antofagasta,15.577,16.735,14.457,2.278,-23.750,-70.500
2023-09-01,La Serena,14.517,20.898,9.917,10.982,-30.000,-71.250
2023-09-01,Santiago,13.013,17.975,8.733,9.241,-33.500,-70.750
2023-09-01,Concepción,10.571,14.129,7.130,6.999,-36.750,-73.000
2023-09-01,Temuco,8.971,13.415,5.087,8.328,-38.750,-72.500
2023-09-01,Valdivia,8.901,11.795,6.186,5.609,-39.750,-73.250
2023-09-01,Puerto Montt,8.047,10.932,5.613,5.319,-41.500,-73.000
2023-09-01,Punta Arenas,2.910,5.236,0.801,4.435,-53.250,-71.000
2023-10-01,Arica,18.026,22.760,14.420,8.339,-18.500,-70.250
2023-10-01,Antofagasta,15.283,16.280,14.262,2.018,-23.750,-70.500
2023-10-01,La Serena,14.662,20.724,10.260,10.465,-30.000,-71.250
2023-10-01,Santiago,14.469,20.948,8.531,12.417,-33.500,-70.750
2023-10-01,Concepción,11.788,16.936,7.067,9.869,-36.750,-73.000
2023-10-01,Temuco,10.000,15.968,4.666,11.303,-38.750,-72.500
2023-10-01,Valdivia,10.200,13.833,6.820,7.013,-39.750,-73.250
2023-10-01,Puerto Montt,9.502,12.564,6.702,5.862,-41.500,-73.000
2023-10-01,Punta Arenas,5.591,8.340,3.402,4.938,-53.250,-71.000
2023-11-01,Arica,19.100,23.969,15.393,8.576,-18.500,-70.250
2023-11-01,Antofagasta,15.846,16.858,14.768,2.090,-23.750,-70.500
2023-11-01,La Serena,15.709,21.646,10.813,10.833,-30.000,-71.250
2023-11-01,Santiago,16.391,23.257,9.957,13.300,-33.500,-70.750
2023-11-01,Concepción,13.102,17.775,8.589,9.186,-36.750,-73.000
2023-11-01,Temuco,11.594,16.836,6.708,10.128,-38.750,-72.500
2023-11-01,Valdivia,11.352,14.428,8.355,6.073,-39.750,-73.250
2023-11-01,Puerto Montt,10.826,13.935,8.083,5.852,-41.500,-73.000
2023-11-01,Punta Arenas,6.299,9.186,3.608,5.579,-53.250,-71.000
2023-12-01,Arica,21.045,25.907,17.352,8.555,-18.500,-70.250
2023-12-01,Antofagasta,16.838,17.822,15.832,1.990,-23.750,-70.500
2023-12-01,La Serena,16.836,22.609,12.382,10.227,-30.000,-71.250
2023-12-01,Santiago,19.724,27.769,12.550,15.219,-33.500,-70.750
2023-12-01,Concepción,15.953,21.753,10.529,11.224,-36.750,-73.000
2023-12-01,Temuco,14.635,21.901,8.200,13.701,-38.750,-72.500
2023-12-01,Valdivia,13.837,18.109,9.872,8.237,-39.750,-73.250
2023-12-01,Puerto Montt,13.020,16.518,9.752,6.766,-41.500,-73.000
2023-12-01,Punta Arenas,8.556,11.542,5.671,5.871,-53.250,-71.000
2024-01-01,Arica,22.899,27.880,19.243,8.637,-18.500,-70.250
2024-01-01,Antofagasta,18.545,19.463,17.588,1.876,-23.750,-70.500
2024-01-01,La Serena,18.534,24.115,14.495,9.620,-30.000,-71.250
2024-01-01,Santiago,22.142,30.444,15.279,15.166,-33.500,-70.750
2024-01-01,Concepción,18.461,25.163,12.381,12.782,-36.750,-73.000
2024-01-01,Temuco,17.446,26.088,9.733,16.355,-38.750,-72.500
2024-01-01,Valdivia,16.271,21.115,11.679,9.436,-39.750,-73.250
2024-01-01,Puerto Montt,15.290,19.106,11.774,7.332,-41.500,-73.000
2024-01-01,Punta Arenas,10.145,13.145,7.526,5.619,-53.250,-71.000
2024-02-01,Arica,24.064,28.422,21.023,7.400,-18.500,-70.250
2024-02-01,Antofagasta,20.004,20.834,19.099,1.734,-23.750,-70.500
2024-02-01,La Serena,19.446,24.597,15.956,8.640,-30.000,-71.250
2024-02-01,Santiago,22.719,31.057,15.815,15.242,-33.500,-70.750
2024-02-01,Concepción,18.226,24.889,12.805,12.084,-36.750,-73.000
2024-02-01,Temuco,17.974,26.559,10.999,15.560,-38.750,-72.500
2024-02-01,Valdivia,15.926,20.714,11.821,8.893,-39.750,-73.250
2024-02-01,Puerto Montt,15.367,19.448,11.981,7.467,-41.500,-73.000
2024-02-01,Punta Arenas,10.234,13.665,7.670,5.995,-53.250,-71.000
2024-03-01,Arica,22.828,27.382,19.755,7.627,-18.500,-70.250
2024-03-01,Antofagasta,18.252,19.132,17.395,1.738,-23.750,-70.500
2024-03-01,La Serena,18.008,23.739,14.244,9.496,-30.000,-71.250
2024-03-01,Santiago,20.868,29.360,14.073,15.286,-33.500,-70.750
2024-03-01,Concepción,15.954,21.957,10.840,11.117,-36.750,-73.000
2024-03-01,Temuco,14.289,21.272,8.483,12.789,-38.750,-72.500
2024-03-01,Valdivia,13.666,17.488,10.091,7.397,-39.750,-73.250
2024-03-01,Puerto Montt,13.146,16.420,10.179,6.241,-41.500,-73.000
2024-03-01,Punta Arenas,7.489,10.199,5.096,5.102,-53.250,-71.000
2024-04-01,Arica,20.486,25.330,17.161,8.170,-18.500,-70.250
2024-04-01,Antofagasta,16.843,17.774,16.105,1.668,-23.750,-70.500
2024-04-01,La Serena,15.750,21.127,12.050,9.077,-30.000,-71.250
2024-04-01,Santiago,15.944,22.808,10.382,12.426,-33.500,-70.750
2024-04-01,Concepción,12.478,17.204,8.519,8.685,-36.750,-73.000
2024-04-01,Temuco,11.481,16.577,7.447,9.130,-38.750,-72.500
2024-04-01,Valdivia,11.574,14.559,8.883,5.676,-39.750,-73.250
2024-04-01,Puerto Montt,11.092,13.951,8.647,5.304,-41.500,-73.000
2024-04-01,Punta Arenas,5.897,8.425,3.841,4.585,-53.250,-71.000
2024-05-01,Arica,16.923,20.994,14.440,6.555,-18.500,-70.250
2024-05-01,Antofagasta,14.918,15.899,14.074,1.826,-23.750,-70.500
2024-05-01,La Serena,12.731,18.058,9.020,9.038,-30.000,-71.250
2024-05-01,Santiago,8.945,15.816,3.850,11.966,-33.500,-70.750
2024-05-01,Concepción,8.242,12.460,4.890,7.570,-36.750,-73.000
2024-05-01,Temuco,6.732,11.634,2.979,8.656,-38.750,-72.500
2024-05-01,Valdivia,7.727,10.845,5.251,5.593,-39.750,-73.250
2024-05-01,Puerto Montt,7.446,10.297,5.320,4.977,-41.500,-73.000
2024-05-01,Punta Arenas,3.278,5.182,1.723,3.459,-53.250,-71.000
2024-06-01,Arica,16.217,20.240,13.634,6.606,-18.500,-70.250
2024-06-01,Antofagasta,14.887,15.832,14.053,1.779,-23.750,-70.500
2024-06-01,La Serena,12.582,16.511,9.680,6.832,-30.000,-71.250
2024-06-01,Santiago,10.350,15.362,6.770,8.592,-33.500,-70.750
2024-06-01,Concepción,9.853,12.136,7.828,4.308,-36.750,-73.000
2024-06-01,Temuco,8.805,11.830,6.420,5.411,-38.750,-72.500
2024-06-01,Valdivia,9.330,11.252,7.551,3.701,-39.750,-73.250
2024-06-01,Puerto Montt,8.870,10.868,7.263,3.605,-41.500,-73.000
2024-06-01,Punta Arenas,-0.522,1.372,-2.322,3.694,-53.250,-71.000
2024-07-01,Arica,15.019,19.174,12.374,6.800,-18.500,-70.250
2024-07-01,Antofagasta,13.804,14.845,12.847,1.998,-23.750,-70.500
2024-07-01,La Serena,11.208,16.014,7.924,8.090,-30.000,-71.250
2024-07-01,Santiago,8.752,16.914,2.882,14.032,-33.500,-70.750
2024-07-01,Concepción,6.731,11.540,3.162,8.378,-36.750,-73.000
2024-07-01,Temuco,5.291,10.792,1.294,9.498,-38.750,-72.500
2024-07-01,Valdivia,6.621,10.068,3.872,6.197,-39.750,-73.250
2024-07-01,Puerto Montt,6.250,9.039,3.989,5.050,-41.500,-73.000
2024-07-01,Punta Arenas,2.737,4.666,0.794,3.872,-53.250,-71.000
2024-08-01,Arica,15.065,19.145,12.421,6.724,-18.500,-70.250
2024-08-01,Antofagasta,13.834,15.032,12.747,2.285,-23.750,-70.500
2024-08-01,La Serena,11.731,16.664,8.097,8.568,-30.000,-71.250
2024-08-01,Santiago,9.684,15.989,4.718,11.271,-33.500,-70.750
2024-08-01,Concepción,8.394,12.592,5.028,7.564,-36.750,-73.000
2024-08-01,Temuco,7.163,12.437,3.089,9.348,-38.750,-72.500
2024-08-01,Valdivia,7.682,10.989,4.940,6.049,-39.750,-73.250
2024-08-01,Puerto Montt,7.659,10.684,5.069,5.615,-41.500,-73.000
2024-08-01,Punta Arenas,2.947,5.031,1.037,3.994,-53.250,-71.000
2024-09-01,Arica,15.805,20.153,13.058,7.095,-18.500,-70.250
2024-09-01,Antofagasta,13.881,14.988,12.848,2.140,-23.750,-70.500
2024-09-01,La Serena,13.557,20.304,8.962,11.342,-30.000,-71.250
2024-09-01,Santiago,13.277,20.569,6.488,14.082,-33.500,-70.750
2024-09-01,Concepción,10.099,14.165,6.200,7.965,-36.750,-73.000
2024-09-01,Temuco,8.769,13.265,4.961,8.304,-38.750,-72.500
2024-09-01,Valdivia,8.665,11.385,6.283,5.102,-39.750,-73.250
2024-09-01,Puerto Montt,8.287,11.076,6.018,5.058,-41.500,-73.000
2024-09-01,Punta Arenas,3.301,5.810,1.257,4.554,-53.250,-71.000
2024-10-01,Arica,17.268,21.958,13.981,7.977,-18.500,-70.250
2024-10-01,Antofagasta,14.830,15.816,13.918,1.898,-23.750,-70.500
2024-10-01,La Serena,14.718,20.581,10.678,9.903,-30.000,-71.250
2024-10-01,Santiago,16.491,23.801,9.782,14.019,-33.500,-70.750
2024-10-01,Concepción,13.014,18.064,8.661,9.403,-36.750,-73.000
2024-10-01,Temuco,11.761,18.566,6.405,12.161,-38.750,-72.500
2024-10-01,Valdivia,11.429,15.789,7.695,8.094,-39.750,-73.250
2024-10-01,Puerto Montt,10.388,13.752,7.574,6.178,-41.500,-73.000
2024-10-01,Punta Arenas,7.044,9.707,4.683,5.024,-53.250,-71.000
2024-11-01,Arica,19.215,23.827,15.830,7.998,-18.500,-70.250
2024-11-01,Antofagasta,15.889,16.778,14.969,1.810,-23.750,-70.500
2024-11-01,La Serena,16.260,22.460,11.062,11.398,-30.000,-71.250
2024-11-01,Santiago,18.533,26.291,11.465,14.826,-33.500,-70.750
2024-11-01,Concepción,14.311,19.537,9.324,10.213,-36.750,-73.000
2024-11-01,Temuco,12.870,18.888,7.436,11.452,-38.750,-72.500
2024-11-01,Valdivia,12.310,15.578,9.343,6.234,-39.750,-73.250
2024-11-01,Puerto Montt,11.768,14.975,8.952,6.023,-41.500,-73.000
2024-11-01,Punta Arenas,7.876,10.828,5.077,5.751,-53.250,-71.000
2024-12-01,Arica,19.999,25.019,16.090,8.929,-18.500,-70.250
2024-12-01,Antofagasta,16.301,17.317,15.350,1.967,-23.750,-70.500
2024-12-01,La Serena,16.643,22.431,11.896,10.535,-30.000,-71.250
2024-12-01,Santiago,20.419,28.852,13.134,15.718,-33.500,-70.750
2024-12-01,Concepción,16.527,22.730,10.668,12.062,-36.750,-73.000
2024-12-01,Temuco,15.122,22.615,8.329,14.286,-38.750,-72.500
2024-12-01,Valdivia,14.206,18.476,9.986,8.490,-39.750,-73.250
2024-12-01,Puerto Montt,13.138,16.591,9.721,6.870,-41.500,-73.000
2024-12-01,Punta Arenas,9.207,12.154,6.583,5.571,-53.250,-71.000
2025-01-01,Arica,22.270,26.873,18.987,7.886,-18.500,-70.250
2025-01-01,Antofagasta,18.432,19.253,17.532,1.721,-23.750,-70.500
2025-01-01,La Serena,18.692,23.992,14.606,9.386,-30.000,-71.250
2025-01-01,Santiago,22.631,30.972,15.504,15.468,-33.500,-70.750
2025-01-01,Concepción,18.481,25.166,12.212,12.954,-36.750,-73.000
2025-01-01,Temuco,17.321,26.136,9.443,16.692,-38.750,-72.500
2025-01-01,Valdivia,16.030,20.725,11.341,9.385,-39.750,-73.250
2025-01-01,Puerto Montt,14.896,19.107,10.927,8.180,-41.500,-73.000
2025-01-01,Punta Arenas,10.615,13.547,7.833,5.714,-53.250,-71.000
2025-02-01,Arica,23.815,28.076,20.640,7.437,-18.500,-70.250
2025-02-01,Antofagasta,18.494,19.271,17.648,1.623,-23.750,-70.500
2025-02-01,La Serena,19.013,24.469,14.853,9.616,-30.000,-71.250
2025-02-01,Santiago,22.330,30.929,15.355,15.574,-33.500,-70.750
2025-02-01,Concepción,18.001,24.933,12.010,12.923,-36.750,-73.000
2025-02-01,Temuco,16.711,25.155,9.061,16.094,-38.750,-72.500
2025-02-01,Valdivia,15.137,19.701,10.986,8.715,-39.750,-73.250
2025-02-01,Puerto Montt,14.533,18.095,11.604,6.491,-41.500,-73.000
2025-02-01,Punta Arenas,8.897,11.377,6.525,4.852,-53.250,-71.000
2025-03-01,Arica,22.490,27.243,19.059,8.185,-18.500,-70.250
2025-03-01,Antofagasta,17.433,18.252,16.681,1.571,-23.750,-70.500
2025-03-01,La Serena,17.670,23.493,13.726,9.767,-30.000,-71.250
2025-03-01,Santiago,19.563,27.830,12.816,15.014,-33.500,-70.750
2025-03-01,Concepción,16.466,22.868,11.146,11.723,-36.750,-73.000
2025-03-01,Temuco,15.032,22.177,9.251,12.926,-38.750,-72.500
2025-03-01,Valdivia,13.917,18.112,10.302,7.810,-39.750,-73.250
2025-03-01,Puerto Montt,13.394,16.931,10.339,6.592,-41.500,-73.000
2025-03-01,Punta Arenas,8.208,10.984,5.789,5.195,-53.250,-71.000
2025-04-01,Arica,19.676,24.196,16.478,7.718,-18.500,-70.250
2025-04-01,Antofagasta,15.970,16.818,15.279,1.538,-23.750,-70.500
2025-04-01,La Serena,15.264,21.115,11.571,9.544,-30.000,-71.250
2025-04-01,Santiago,15.787,23.824,9.021,14.804,-33.500,-70.750
2025-04-01,Concepción,12.568,17.564,8.656,8.908,-36.750,-73.000
2025-04-01,Temuco,11.545,16.894,7.310,9.584,-38.750,-72.500
2025-04-01,Valdivia,11.677,14.751,9.053,5.699,-39.750,-73.250
2025-04-01,Puerto Montt,11.362,14.420,8.928,5.492,-41.500,-73.000
2025-04-01,Punta Arenas,6.528,9.138,4.166,4.972,-53.250,-71.000
2025-05-01,Arica,17.576,21.433,15.162,6.271,-18.500,-70.250
2025-05-01,Antofagasta,15.050,15.855,14.347,1.509,-23.750,-70.500
2025-05-01,La Serena,13.999,20.003,10.348,9.655,-30.000,-71.250
2025-05-01,Santiago,12.914,20.142,6.948,13.194,-33.500,-70.750
2025-05-01,Concepción,10.314,14.418,6.982,7.436,-36.750,-73.000
2025-05-01,Temuco,8.808,13.131,5.401,7.731,-38.750,-72.500
2025-05-01,Valdivia,10.021,12.563,7.859,4.704,-39.750,-73.250
2025-05-01,Puerto Montt,9.794,12.052,7.906,4.146,-41.500,-73.000
2025-05-01,Punta Arenas,3.483,5.644,1.522,4.122,-53.250,-71.000
2025-06-01,Arica,16.154,19.551,13.775,5.776,-18.500,-70.250
2025-06-01,Antofagasta,14.564,15.730,13.703,2.027,-23.750,-70.500
2025-06-01,La Serena,12.307,17.266,8.853,8.413,-30.000,-71.250
2025-06-01,Santiago,8.427,16.066,2.891,13.175,-33.500,-70.750
2025-06-01,Concepción,7.823,12.119,4.456,7.663,-36.750,-73.000
2025-06-01,Temuco,6.379,10.932,3.158,7.775,-38.750,-72.500
2025-06-01,Valdivia,7.776,10.366,5.513,4.853,-39.750,-73.250
2025-06-01,Puerto Montt,7.504,9.789,5.590,4.199,-41.500,-73.000
2025-06-01,Punta Arenas,2.880,4.472,1.405,3.067,-53.250,-71.000
2025-07-01,Arica,15.444,19.418,12.894,6.523,-18.500,-70.250
2025-07-01,Antofagasta,13.927,14.999,12.977,2.023,-23.750,-70.500
2025-07-01,La Serena,12.181,17.088,8.959,8.129,-30.000,-71.250
2025-07-01,Santiago,10.209,18.064,4.381,13.683,-33.500,-70.750
2025-07-01,Concepción,9.052,13.277,5.829,7.448,-36.750,-73.000
2025-07-01,Temuco,7.545,12.015,4.540,7.475,-38.750,-72.500
2025-07-01,Valdivia,8.206,11.114,6.011,5.102,-39.750,-73.250
2025-07-01,Puerto Montt,8.266,10.741,6.201,4.540,-41.500,-73.000
2025-07-01,Punta Arenas,2.195,3.975,0.804,3.171,-53.250,-71.000
2025-08-01,Arica,15.292,19.393,12.510,6.884,-18.500,-70.250
2025-08-01,Antofagasta,14.099,15.236,13.103,2.132,-23.750,-70.500
2025-08-01,La Serena,12.991,17.391,9.422,7.970,-30.000,-71.250
2025-08-01,Santiago,10.543,17.376,4.992,12.384,-33.500,-70.750
2025-08-01,Concepción,10.247,14.225,7.124,7.101,-36.750,-73.000
2025-08-01,Temuco,9.350,13.926,5.918,8.008,-38.750,-72.500
2025-08-01,Valdivia,9.619,12.508,7.226,5.282,-39.750,-73.250
2025-08-01,Puerto Montt,9.091,11.966,6.791,5.175,-41.500,-73.000
2025-08-01,Punta Arenas,3.280,5.605,1.356,4.249,-53.250,-71.000
2025-09-01,Arica,15.894,20.199,12.969,7.230,-18.500,-70.250
2025-09-01,Antofagasta,14.248,15.391,13.253,2.138,-23.750,-70.500
2025-09-01,La Serena,14.046,20.201,9.825,10.375,-30.000,-71.250
2025-09-01,Santiago,13.018,20.924,5.922,15.001,-33.500,-70.750
2025-09-01,Concepción,10.979,15.131,7.102,8.028,-36.750,-73.000
2025-09-01,Temuco,10.162,15.219,5.896,9.323,-38.750,-72.500
2025-09-01,Valdivia,10.202,13.009,7.656,5.353,-39.750,-73.250
2025-09-01,Puerto Montt,9.986,13.333,7.227,6.106,-41.500,-73.000
2025-09-01,Punta Arenas,4.974,7.758,2.749,5.010,-53.250,-71.000
2025-10-01,Arica,17.037,21.642,13.712,7.930,-18.500,-70.250
2025-10-01,Antofagasta,14.951,15.917,13.887,2.031,-23.750,-70.500
2025-10-01,La Serena,14.806,20.929,10.464,10.466,-30.000,-71.250
2025-10-01,Santiago,16.175,24.120,8.237,15.883,-33.500,-70.750
2025-10-01,Concepción,13.090,18.929,7.506,11.423,-36.750,-73.000
2025-10-01,Temuco,11.111,17.036,6.039,10.997,-38.750,-72.500
2025-10-01,Valdivia,11.492,14.718,8.239,6.479,-39.750,-73.250
2025-10-01,Puerto Montt,11.090,14.245,8.169,6.075,-41.500,-73.000
2025-10-01,Punta Arenas,6.159,8.991,3.663,5.329,-53.250,-71.000
2025-11-01,Arica,18.222,22.970,14.703,8.267,-18.500,-70.250
2025-11-01,Antofagasta,15.914,16.993,14.850,2.144,-23.750,-70.500
2025-11-01,La Serena,16.019,21.899,11.241,10.658,-30.000,-71.250
2025-11-01,Santiago,18.227,26.239,10.839,15.400,-33.500,-70.750
2025-11-01,Concepción,15.501,21.335,10.127,11.208,-36.750,-73.000
2025-11-01,Temuco,14.248,20.870,8.489,12.381,-38.750,-72.500
2025-11-01,Valdivia,13.792,17.755,10.143,7.612,-39.750,-73.250
2025-11-01,Puerto Montt,13.423,16.966,10.234,6.733,-41.500,-73.000
2025-11-01,Punta Arenas,7.745,10.428,5.345,5.083,-53.250,-71.000
2025-12-01,Arica,20.092,25.212,15.935,9.276,-18.500,-70.250
2025-12-01,Antofagasta,17.649,18.579,16.615,1.964,-23.750,-70.500
2025-12-01,La Serena,18.433,23.811,13.913,9.899,-30.000,-71.250
2025-12-01,Santiago,21.249,29.077,14.196,14.881,-33.500,-70.750
2025-12-01,Concepción,18.132,24.464,12.117,12.348,-36.750,-73.000
2025-12-01,Temuco,16.073,22.682,10.289,12.393,-38.750,-72.500
2025-12-01,Valdivia,15.292,18.936,11.730,7.205,-39.750,-73.250
2025-12-01,Puerto Montt,14.441,17.416,11.795,5.621,-41.500,-73.000
2025-12-01,Punta Arenas,8.301,10.946,5.898,5.048,-53.250,-71.000
